"Rk,Player,OffSnp,Att,Att,Tgt,Day,G#,Week,Date,Age,Team,,Opp,Result,Cmp,Att,Inc,Cmp%,Yds,TD,Int,Pick6,TD%,Int%,Rate,Sk,Yds,Sk%,Y/A,AY/A,ANY/A,Y/C,Succ%,Att,Yds,Y/A,TD,1D,Succ%,Tgt,Rec,Yds,Y/R,TD,Ctch%,Y/Tgt,1D,Succ%,OffSnp,Off%,DefSnp,Def%,STSnp,ST %,Pos.,-9999"
"1,Dillon Gabriel,82,52,0,0,Sun,6,6,2025-10-12,24-288,CLE,@,PIT,L 9-23,29,52,23,55.8,221,0,0,0,0.0,0.0,66.3,6,38,10.34,4.3,4.25,3.16,7.6,32.8,0,0,,0,0,,0,0,0,,0,,,0,,82,100.0,0,0.0,0,0.0,QB,GabrDi00"
"2,Trevor Lawrence,76,42,3,0,Sun,6,6,2025-10-12,26-006,JAX,,SEA,L 12-20,27,42,15,64.3,258,2,0,0,4.8,0.0,97.1,7,44,14.29,6.1,7.10,5.18,9.6,38.8,3,9,3.0,0,1,33.3,0,0,0,,0,,,0,,76,100.0,0,0.0,0,0.0,QB,LawrTr00"
"3,Jacoby Brissett,73,44,3,0,Sun,6,6,2025-10-12,32-305,ARI,@,IND,L 27-31,27,44,17,61.4,320,2,1,0,4.5,2.3,89.2,2,8,4.35,7.3,7.16,6.67,11.9,50.0,3,19,6.3,0,3,100.0,0,0,0,,0,,,0,,73,100.0,0,0.0,0,0.0,QB,BrisJa00"
"4,Jerry Jeudy,73,0,0,13,Sun,6,6,2025-10-12,26-171,CLE,@,PIT,L 9-23,0,0,0,,0,0,0,0,,,,0,0,,,,,,,0,0,,0,0,,13,5,43,8.6,0,38.5,3.3,4,30.8,73,89.0,0,0.0,0,0.0,WR,JeudJe00"
"5,Isaiah Bond,71,0,0,5,Sun,6,6,2025-10-12,21-211,CLE,@,PIT,L 9-23,0,0,0,,0,0,0,0,,,,0,0,,,,,,,0,0,,0,0,,5,2,9,4.5,0,40.0,1.8,1,20.0,71,86.6,0,0.0,1,4.0,WR,BondIs00"
"6,Zay Flowers,71,0,0,10,Sun,6,6,2025-10-12,25-031,BAL,,LAR,L 3-17,0,0,0,,0,0,0,0,,,,0,0,,,,,,,0,0,,0,0,,10,6,46,7.7,0,60.0,4.6,2,40.0,71,91.0,0,0.0,0,0.0,WR,FlowZa00"
"7,Michael Penix,70,32,2,0,Mon,5,6,2025-10-13,25-158,ATL,,BUF,W 24-14,20,32,12,62.5,250,1,0,0,3.1,0.0,97.1,2,17,5.88,7.8,8.44,7.44,12.5,44.1,2,6,3.0,0,0,50.0,0,0,0,,0,,,0,,70,100.0,0,0.0,0,0.0,QB,PeniMi00"
"8,Mac Jones,69,39,5,0,Sun,6,6,2025-10-12,27-037,SFO,@,TAM,L 19-30,27,39,12,69.2,347,0,2,0,0.0,5.1,75.5,6,51,13.33,8.9,6.59,4.58,12.9,40.0,5,13,2.6,0,2,60.0,0,0,0,,0,,,0,,69,100.0,0,0.0,0,0.0,QB,JoneMa05"
"9,Drake London,68,0,0,16,Mon,5,6,2025-10-13,24-081,ATL,,BUF,W 24-14,0,0,0,,0,0,0,0,,,,0,0,,,,,,,0,0,,0,0,,16,10,158,15.8,1,62.5,9.9,7,56.3,68,97.1,0,0.0,0,0.0,WR,LondDr00"
"10,Jaxson Dart,67,25,13,0,Thu,6,6,2025-10-09,22-149,NYG,,PHI,W 34-17,17,25,8,68.0,195,1,0,0,4.0,0.0,104.6,2,1,7.41,7.8,8.60,7.93,11.5,48.1,13,58,4.5,1,5,53.8,0,0,0,,0,,,0,,67,97.1,0,0.0,0,0.0,QB,DartJa00"
"11,Wan'Dale Robinson,67,0,0,7,Thu,6,6,2025-10-09,24-277,NYG,,PHI,W 34-17,0,0,0,,0,0,0,0,,,,0,0,,,,,,,0,0,,0,0,,7,6,84,14.0,1,85.7,12.0,3,57.1,67,97.1,0,0.0,0,0.0,WR,RobiWa01"
"12,Bryce Young,67,25,3,0,Sun,6,6,2025-10-12,24-079,CAR,,DAL,W 30-27,17,25,8,68.0,199,3,1,0,12.0,4.0,114.8,1,5,3.85,8.0,8.56,8.04,11.7,50.0,3,5,1.7,0,0,33.3,0,0,0,,0,,,0,,67,100.0,0,0.0,0,0.0,QB,YounBr01"
"13,Harold Fannin,66,0,0,10,Sun,6,6,2025-10-12,21-084,CLE,@,PIT,L 9-23,0,0,0,,0,0,0,0,,,,0,0,,,,,,,0,0,,0,0,,10,7,81,11.6,0,70.0,8.1,3,60.0,66,80.5,0,0.0,6,24.0,TE,FannHa00"
"14,Trey McBride,66,0,0,11,Sun,6,6,2025-10-12,25-324,ARI,@,IND,L 27-31,0,0,0,,0,0,0,0,,,,0,0,,,,,,,0,0,,0,0,,11,8,72,9.0,1,72.7,6.5,4,72.7,66,90.4,0,0.0,0,0.0,TE,McBrTr01"
"15,Ja'Marr Chase,65,0,1,12,Sun,6,6,2025-10-12,25-225,CIN,@,GNB,L 18-27,0,0,0,,0,0,0,0,,,,0,0,,,,,,,1,-3,-3.0,0,0,0.0,12,10,94,9.4,1,83.3,7.8,5,66.7,65,100.0,0,0.0,0,0.0,WR,ChasJa00"
"16,Jayden Daniels,65,26,10,0,Mon,6,6,2025-10-13,24-299,WAS,,CHI,L 24-25,19,26,7,73.1,211,3,1,0,11.5,3.8,119.2,3,6,10.34,8.1,8.69,7.59,11.1,55.2,10,52,5.2,0,2,40.0,0,0,0,,0,,,0,,65,100.0,0,0.0,0,0.0,QB,DaniJa02"
"17,Joe Flacco,65,45,0,0,Sun,6,6,2025-10-12,40-269,CIN,@,GNB,L 18-27,29,45,16,64.4,219,2,0,0,4.4,0.0,90.9,1,6,2.17,4.9,5.76,5.50,7.6,43.5,0,0,,0,0,,0,0,0,,0,,,0,,65,100.0,0,0.0,0,0.0,QB,FlacJo00"
"18,Kyle Pitts,65,0,0,4,Mon,5,6,2025-10-13,25-007,ATL,,BUF,W 24-14,0,0,0,,0,0,0,0,,,,0,0,,,,,,,0,0,,0,0,,4,3,18,6.0,0,75.0,4.5,1,25.0,65,92.9,0,0.0,0,0.0,TE,PittKy00"
"19,Justin Herbert,64,38,1,0,Sun,6,6,2025-10-12,27-216,LAC,@,MIA,W 29-27,29,38,9,76.3,264,2,0,0,5.3,0.0,112.2,1,1,2.56,6.9,8.00,7.77,9.1,56.4,1,2,2.0,0,1,100.0,0,0,0,,0,,,0,,64,100.0,0,0.0,0,0.0,QB,HerbJu00"
"20,Patrick Mahomes,64,30,10,0,Sun,6,6,2025-10-12,30-025,KAN,,DET,W 30-17,22,30,8,73.3,257,3,0,0,10.0,0.0,132.2,3,14,9.09,8.6,10.57,9.18,11.7,60.6,10,32,3.2,1,3,30.0,0,0,0,,0,,,0,,64,100.0,0,0.0,0,0.0,QB,MahoPa00"
"21,Drake Maye,64,26,9,0,Sun,6,6,2025-10-12,23-043,NWE,@,NOR,W 25-19,18,26,8,69.2,261,3,0,0,11.5,0.0,140.1,1,1,3.70,10.0,12.35,11.85,14.5,63.0,9,28,3.1,0,3,44.4,0,0,0,,0,,,0,,64,100.0,0,0.0,0,0.0,QB,MayeDr00"
"22,Christian McCaffrey,64,0,17,8,Sun,6,6,2025-10-12,29-127,SFO,@,TAM,L 19-30,0,0,0,,0,0,0,0,,,,0,0,,,,,,,17,54,3.2,1,4,47.1,8,7,57,8.1,0,87.5,7.1,1,37.5,64,92.8,0,0.0,0,0.0,RB,McCaCh01"
"23,Caleb Williams,64,29,4,0,Mon,5,6,2025-10-13,23-329,CHI,@,WAS,W 25-24,17,29,12,58.6,252,1,0,0,3.4,0.0,98.6,3,16,9.38,8.7,9.38,8.00,14.8,37.5,4,-2,-0.5,1,2,50.0,0,0,0,,0,,,0,,64,100.0,0,0.0,0,0.0,QB,WillCa03"
"24,Isaiah Likely,63,0,0,2,Sun,6,6,2025-10-12,25-177,BAL,,LAR,L 3-17,0,0,0,,0,0,0,0,,,,0,0,,,,,,,0,0,,0,0,,2,2,6,3.0,0,100.0,3.0,0,50.0,63,80.8,0,0.0,0,0.0,TE,LikeIs00"
"25,Theo Johnson,62,0,0,4,Thu,6,6,2025-10-09,24-225,NYG,,PHI,W 34-17,0,0,0,,0,0,0,0,,,,0,0,,,,,,,0,0,,0,0,,4,2,27,13.5,0,50.0,6.8,1,25.0,62,89.9,0,0.0,0,0.0,TE,JohnTh00"
"26,Tetairoa McMillan,62,0,0,5,Sun,6,6,2025-10-12,22-190,CAR,,DAL,W 30-27,0,0,0,,0,0,0,0,,,,0,0,,,,,,,0,0,,0,0,,5,3,29,9.7,2,60.0,5.8,3,60.0,62,92.5,0,0.0,0,0.0,WR,McMiTe00"
"27,Rome Odunze,62,0,0,5,Mon,5,6,2025-10-13,23-132,CHI,@,WAS,W 25-24,0,0,0,,0,0,0,0,,,,0,0,,,,,,,0,0,,0,0,,5,2,32,16.0,0,40.0,6.4,2,40.0,62,96.9,0,0.0,0,0.0,WR,OdunRo00"
"28,Mark Andrews,61,0,3,6,Sun,6,6,2025-10-12,30-036,BAL,,LAR,L 3-17,0,0,0,,0,0,0,0,,,,0,0,,,,,,,3,2,0.7,0,1,33.3,6,4,24,6.0,0,66.7,4.0,2,50.0,61,78.2,0,0.0,0,0.0,TE,AndrMa00"
"29,Andrei Iosivas,61,0,0,4,Sun,6,6,2025-10-12,25-362,CIN,@,GNB,L 18-27,0,0,0,,0,0,0,0,,,,0,0,,,,,,,0,0,,0,0,,4,1,5,5.0,0,25.0,1.3,0,25.0,61,93.8,0,0.0,0,0.0,WR,IosiAn00"
"30,Hunter Long,61,0,0,3,Sun,6,6,2025-10-12,27-054,JAX,,SEA,L 12-20,0,0,0,,0,0,0,0,,,,0,0,,,,,,,0,0,,0,0,,3,2,19,9.5,0,66.7,6.3,1,66.7,61,80.3,0,0.0,13,43.3,TE,LongHu00"
"31,Jordan Love,61,26,7,0,Sun,5,6,2025-10-12,26-344,GNB,,CIN,W 27-18,19,26,7,73.1,259,1,1,0,3.8,3.8,101.3,1,3,3.70,10.0,9.00,8.56,13.6,59.3,7,26,3.7,0,3,71.4,0,0,0,,0,,,0,,61,100.0,0,0.0,0,0.0,QB,LoveJo03"
"32,Geno Smith,61,23,4,0,Sun,6,6,2025-10-12,35-002,LVR,,TEN,W 20-10,17,23,6,73.9,174,1,1,0,4.3,4.3,91.6,2,16,8.00,7.6,6.48,5.32,10.2,56.0,4,-3,-0.8,0,0,0.0,0,0,0,,0,,,0,,61,100.0,0,0.0,0,0.0,QB,SmitGe00"
"33,Brian Thomas,61,0,0,10,Sun,6,6,2025-10-12,23-004,JAX,,SEA,L 12-20,0,0,0,,0,0,0,0,,,,0,0,,,,,,,0,0,,0,0,,10,8,90,11.3,1,80.0,9.0,5,60.0,61,80.3,0,0.0,0,0.0,WR,ThomBr06"
"34,Cam Ward,61,38,0,0,Sun,6,6,2025-10-12,23-140,TEN,@,LVR,L 10-20,26,38,12,68.4,222,1,1,0,2.6,2.6,81.2,6,62,13.64,5.8,5.18,3.07,8.5,40.9,0,0,,0,0,,0,0,0,,0,,,0,,61,100.0,0,0.0,0,0.0,QB,WardCa00"
"35,D.J. Moore,60,0,2,5,Mon,5,6,2025-10-13,28-182,CHI,@,WAS,W 25-24,0,0,0,,0,0,0,0,,,,0,0,,,,,,,2,10,5.0,0,0,100.0,5,3,42,14.0,0,60.0,8.4,2,40.0,60,93.8,0,0.0,0,0.0,WR,MoorD.00"
"36,Bo Nix,60,30,5,0,Sun,6,6,2025-10-12,25-229,DEN,@,NYJ,W 13-11,19,30,11,63.3,174,1,0,0,3.3,0.0,90.1,1,6,3.23,5.8,6.47,6.06,9.2,41.9,5,24,4.8,0,1,40.0,0,0,0,,0,,,0,,60,100.0,0,0.0,0,0.0,QB,NixxBo00"
"37,Rico Dowdle,59,0,30,5,Sun,6,6,2025-10-12,27-120,CAR,,DAL,W 30-27,0,0,0,,0,0,0,0,,,,0,0,,,,,,,30,183,6.1,0,10,73.3,5,4,56,14.0,1,80.0,11.2,3,60.0,59,88.1,0,0.0,0,0.0,RB,DowdRi01"
"38,Travis Hunter,59,0,0,7,Sun,6,6,2025-10-12,22-147,JAX,,SEA,L 12-20,0,0,0,,0,0,0,0,,,,0,0,,,,,,,0,0,,0,0,,7,4,15,3.8,0,57.1,2.1,2,28.6,59,77.6,22,40.0,0,0.0,WR,HuntTr00"
"39,Daniel Jones,59,30,5,0,Sun,6,6,2025-10-12,28-138,IND,,ARI,W 31-27,22,30,8,73.3,212,2,1,0,6.7,3.3,101.0,1,7,3.23,7.1,6.90,6.45,9.6,51.6,5,20,4.0,1,3,60.0,0,0,0,,0,,,0,,59,100.0,0,0.0,0,0.0,QB,JoneDa05"
"40,Tua Tagovailoa,59,32,1,0,Sun,6,6,2025-10-12,27-224,MIA,,LAC,L 27-29,21,32,11,65.6,205,1,3,0,3.1,9.4,54.8,2,9,5.88,6.4,2.81,2.38,9.8,44.1,1,4,4.0,0,0,100.0,0,0,0,,0,,,0,,59,100.0,0,0.0,0,0.0,QB,TagoTu00"
"41,Zay Jones,58,0,0,8,Sun,6,6,2025-10-12,30-196,ARI,@,IND,L 27-31,0,0,0,,0,0,0,0,,,,0,0,,,,,,,0,0,,0,0,,8,5,79,15.8,0,62.5,9.9,4,50.0,58,79.5,0,0.0,0,0.0,WR,JoneZa00"
"42,Josh Allen,57,26,6,0,Mon,6,6,2025-10-13,29-145,BUF,@,ATL,L 14-24,15,26,11,57.7,180,2,2,0,7.7,7.7,72.6,4,23,13.33,6.9,5.00,3.57,12.0,40.0,6,42,7.0,0,2,50.0,0,0,0,,0,,,0,,57,100.0,0,0.0,0,0.0,QB,AlleJo02"
"43,Elic Ayomanor,57,0,0,5,Sun,6,6,2025-10-12,22-131,TEN,@,LVR,L 10-20,0,0,0,,0,0,0,0,,,,0,0,,,,,,,0,0,,0,0,,5,3,27,9.0,0,60.0,5.4,2,60.0,57,93.4,0,0.0,0,0.0,WR,AyomEl00"
"44,Justin Fields,57,17,7,0,Sun,6,6,2025-10-12,26-221,NYJ,,DEN,L 11-13,9,17,8,52.9,45,0,0,0,0.0,0.0,58.7,9,55,34.62,2.6,2.65,-0.38,5.0,15.4,7,31,4.4,0,1,57.1,0,0,0,,0,,,0,,57,100.0,0,0.0,0,0.0,QB,FielJu00"
"45,Jalen Hurts,57,33,7,0,Thu,6,6,2025-10-09,27-063,PHI,@,NYG,L 17-34,24,33,9,72.7,283,1,1,0,3.0,3.0,95.9,3,17,8.33,8.6,7.82,6.69,11.8,58.3,7,13,1.9,1,2,28.6,0,0,0,,0,,,0,,57,100.0,0,0.0,0,0.0,QB,HurtJa00"
"46,Jake Tonges,57,0,0,7,Sun,6,6,2025-10-12,26-096,SFO,@,TAM,L 19-30,0,0,0,,0,0,0,0,,,,0,0,,,,,,,0,0,,0,0,,7,6,58,9.7,0,85.7,8.3,1,71.4,57,82.6,0,0.0,12,42.9,TE,TongJa00"
"47,Tucker Kraft,56,0,0,2,Sun,5,6,2025-10-12,24-343,GNB,,CIN,W 27-18,0,0,0,,0,0,0,0,,,,0,0,,,,,,,0,0,,0,0,,2,2,43,21.5,1,100.0,21.5,2,100.0,56,91.8,0,0.0,0,0.0,TE,KrafTu00"
"48,Michael Mayer,56,0,0,7,Sun,6,6,2025-10-12,24-098,LVR,,TEN,W 20-10,0,0,0,,0,0,0,0,,,,0,0,,,,,,,0,0,,0,0,,7,5,50,10.0,1,71.4,7.1,3,57.1,56,91.8,0,0.0,9,39.1,TE,MayeMi00"
"49,Aaron Rodgers,56,30,1,0,Sun,5,6,2025-10-12,41-314,PIT,,CLE,W 23-9,21,30,9,70.0,235,2,0,0,6.7,0.0,115.3,0,0,0.00,7.8,9.17,9.17,11.2,46.7,1,1,1.0,0,0,0.0,0,0,0,,0,,,0,,56,94.9,0,0.0,0,0.0,QB,RodgAa00"
"50,Tre Tucker,56,0,0,5,Sun,6,6,2025-10-12,24-218,LVR,,TEN,W 20-10,0,0,0,,0,0,0,0,,,,0,0,,,,,,,0,0,,0,0,,5,5,70,14.0,0,100.0,14.0,4,80.0,56,91.8,0,0.0,1,4.3,WR,TuckTr00"
"51,Casey Washington,56,0,0,2,Mon,5,6,2025-10-13,24-221,ATL,,BUF,W 24-14,0,0,0,,0,0,0,0,,,,0,0,,,,,,,0,0,,0,0,,2,0,0,,0,0.0,0.0,0,0.0,56,80.0,0,0.0,0,0.0,WR,WashCa01"
"52,Kendrick Bourne,55,0,0,9,Sun,6,6,2025-10-12,30-069,SFO,@,TAM,L 19-30,0,0,0,,0,0,0,0,,,,0,0,,,,,,,0,0,,0,0,,9,5,142,28.4,0,55.6,15.8,4,55.6,55,79.7,0,0.0,0,0.0,WR,BourKe00"
"53,A.J. Brown,55,0,0,9,Thu,6,6,2025-10-09,28-101,PHI,@,NYG,L 17-34,0,0,0,,0,0,0,0,,,,0,0,,,,,,,0,0,,0,0,,9,6,80,13.3,0,66.7,8.9,3,66.7,55,96.5,0,0.0,0,0.0,WR,BrowAJ00"
"54,Sam Darnold,55,27,4,0,Sun,6,6,2025-10-12,28-129,SEA,@,JAX,W 20-12,16,27,11,59.3,295,2,0,0,7.4,0.0,121.7,1,9,3.57,10.9,12.41,11.64,18.4,39.3,4,2,0.5,0,1,25.0,0,0,0,,0,,,0,,55,100.0,0,0.0,0,0.0,QB,DarnSa00"
"55,Jakobi Meyers,55,0,0,4,Sun,6,6,2025-10-12,28-337,LVR,,TEN,W 20-10,0,0,0,,0,0,0,0,,,,0,0,,,,,,,0,0,,0,0,,4,4,39,9.8,0,100.0,9.8,2,100.0,55,90.2,0,0.0,1,4.3,WR,MeyeJa01"
"56,Dak Prescott,55,34,2,0,Sun,6,6,2025-10-12,32-075,DAL,@,CAR,L 27-30,25,34,9,73.5,261,3,0,0,8.8,0.0,124.8,0,0,0.00,7.7,9.44,9.44,10.4,55.9,2,-1,-0.5,0,0,0.0,0,0,0,,0,,,0,,55,100.0,0,0.0,0,0.0,QB,PresDa01"
"57,Spencer Rattler,55,26,4,0,Sun,6,6,2025-10-12,25-014,NOR,,NWE,L 19-25,20,26,6,76.9,227,0,0,0,0.0,0.0,102.6,2,4,7.14,8.7,8.73,7.96,11.4,50.0,4,20,5.0,0,3,75.0,0,0,0,,0,,,0,,55,98.2,0,0.0,0,0.0,QB,RattSp00"
"58,DeVonta Smith,55,0,0,5,Thu,6,6,2025-10-09,26-329,PHI,@,NYG,L 17-34,0,0,0,,0,0,0,0,,,,0,0,,,,,,,0,0,,0,0,,5,4,49,12.3,0,80.0,9.8,4,80.0,55,96.5,0,0.0,0,0.0,WR,SmitDe07"
"59,Mason Taylor,55,0,0,1,Sun,6,6,2025-10-12,21-157,NYJ,,DEN,L 11-13,0,0,0,,0,0,0,0,,,,0,0,,,,,,,0,0,,0,0,,1,1,2,2.0,0,100.0,2.0,0,0.0,55,96.5,0,0.0,1,3.4,TE,TaylMa02"
"60,Michael Wilson,55,0,0,5,Sun,6,6,2025-10-12,25-231,ARI,@,IND,L 27-31,0,0,0,,0,0,0,0,,,,0,0,,,,,,,0,0,,0,0,,5,4,44,11.0,0,80.0,8.8,2,60.0,55,75.3,0,0.0,0,0.0,WR,WilsMi02"
"61,Jared Goff,54,29,1,0,Sun,6,6,2025-10-12,30-363,DET,@,KAN,L 17-30,23,29,6,79.3,203,2,0,0,6.9,0.0,118.8,1,4,3.33,7.0,8.38,7.97,8.8,60.0,1,7,7.0,0,1,100.0,0,0,0,,0,,,0,,54,100.0,0,0.0,0,0.0,QB,GoffJa00"
"62,Jonathan Taylor,54,0,21,4,Sun,6,6,2025-10-12,26-266,IND,,ARI,W 31-27,0,0,0,,0,0,0,0,,,,0,0,,,,,,,21,123,5.9,1,7,71.4,4,4,14,3.5,0,100.0,3.5,1,25.0,54,91.5,0,0.0,0,0.0,RB,TaylJo02"
"63,Olamide Zaccheaus,54,0,1,6,Mon,5,6,2025-10-13,28-082,CHI,@,WAS,W 25-24,0,0,0,,0,0,0,0,,,,0,0,,,,,,,1,4,4.0,0,0,100.0,6,2,24,12.0,0,33.3,4.0,1,16.7,54,84.4,0,0.0,0,0.0,WR,ZaccOl01"
"64,De'Von Achane,53,0,16,6,Sun,6,6,2025-10-12,23-364,MIA,,LAC,L 27-29,0,0,0,,0,0,0,0,,,,0,0,,,,,,,16,128,8.0,2,6,50.0,6,4,22,5.5,0,66.7,3.7,1,33.3,53,89.8,0,0.0,0,0.0,RB,AchaDe00"
"65,Tre Harris,53,0,0,5,Sun,6,6,2025-10-12,23-226,LAC,@,MIA,W 29-27,0,0,0,,0,0,0,0,,,,0,0,,,,,,,0,0,,0,0,,5,4,27,6.8,0,80.0,5.4,1,60.0,53,82.8,0,0.0,0,0.0,WR,HarrTr03"
"66,Hunter Henry,53,0,0,3,Sun,6,6,2025-10-12,30-309,NWE,@,NOR,W 25-19,0,0,0,,0,0,0,0,,,,0,0,,,,,,,0,0,,0,0,,3,3,27,9.0,0,100.0,9.0,1,100.0,53,82.8,0,0.0,0,0.0,TE,HenrHu00"
"67,Lil'Jordan Humphrey,53,0,0,8,Thu,6,6,2025-10-09,27-173,NYG,,PHI,W 34-17,0,0,0,,0,0,0,0,,,,0,0,,,,,,,0,0,,0,0,,8,4,55,13.8,0,50.0,6.9,2,37.5,53,76.8,0,0.0,0,0.0,WR,HumpLi01"
"68,Jauan Jennings,53,0,0,3,Sun,6,6,2025-10-12,28-094,SFO,@,TAM,L 19-30,0,0,0,,0,0,0,0,,,,0,0,,,,,,,0,0,,0,0,,3,1,7,7.0,0,33.3,2.3,1,33.3,53,76.8,0,0.0,0,0.0,WR,JennJa00"
"69,Baker Mayfield,53,23,3,0,Sun,6,6,2025-10-12,30-181,TAM,,SFO,W 30-19,17,23,6,73.9,256,2,0,0,8.7,0.0,139.0,1,8,4.17,11.1,12.87,12.00,15.1,50.0,3,14,4.7,0,1,33.3,0,0,0,,0,,,0,,53,100.0,0,0.0,0,0.0,QB,MayfBa00"
"70,Cade Otton,53,0,0,6,Sun,6,6,2025-10-12,26-180,TAM,,SFO,W 30-19,0,0,0,,0,0,0,0,,,,0,0,,,,,,,0,0,,0,0,,6,5,51,10.2,0,83.3,8.5,2,50.0,53,100.0,0,0.0,0,0.0,TE,OttoCa00"
"71,Cooper Rush,53,19,1,0,Sun,6,6,2025-10-12,31-325,BAL,,LAR,L 3-17,11,19,8,57.9,72,0,1,0,0.0,5.3,44.2,0,0,0.00,3.8,1.42,1.42,6.5,36.8,1,0,0.0,0,0,0.0,0,0,0,,0,,,0,,53,67.9,0,0.0,0,0.0,QB,RushCo00"
"72,Matthew Stafford,53,26,4,0,Sun,6,6,2025-10-12,37-247,LAR,@,BAL,W 17-3,17,26,9,65.4,181,1,0,0,3.8,0.0,98.4,2,14,7.14,7.0,7.73,6.68,10.6,57.1,4,1,0.3,0,0,0.0,0,0,0,,0,,,0,,53,100.0,0,0.0,0,0.0,QB,StafMa00"
"73,Romeo Doubs,52,0,0,9,Sun,5,6,2025-10-12,25-182,GNB,,CIN,W 27-18,0,0,0,,0,0,0,0,,,,0,0,,,,,,,0,0,,0,0,,9,5,55,11.0,0,55.6,6.1,4,44.4,52,85.2,0,0.0,3,12.0,WR,DoubRo00"
"74,Tee Higgins,52,0,0,8,Sun,6,6,2025-10-12,26-267,CIN,@,GNB,L 18-27,0,0,0,,0,0,0,0,,,,0,0,,,,,,,0,0,,0,0,,8,5,62,12.4,0,62.5,7.8,5,62.5,52,80.0,0,0.0,0,0.0,WR,HiggTe00"
"75,Sam LaPorta,52,0,0,6,Sun,6,6,2025-10-12,24-273,DET,@,KAN,L 17-30,0,0,0,,0,0,0,0,,,,0,0,,,,,,,0,0,,0,0,,6,5,55,11.0,1,83.3,9.2,3,83.3,52,96.3,0,0.0,0,0.0,TE,LaPoSa01"
"76,Bijan Robinson,52,0,19,8,Mon,5,6,2025-10-13,23-256,ATL,,BUF,W 24-14,0,0,0,,0,0,0,0,,,,0,0,,,,,,,19,170,8.9,1,5,57.9,8,6,68,11.3,0,75.0,8.5,2,50.0,52,74.3,0,0.0,0,0.0,RB,RobiBi01"
"77,Tyler Warren,52,0,0,9,Sun,6,6,2025-10-12,23-141,IND,,ARI,W 31-27,0,0,0,,0,0,0,0,,,,0,0,,,,,,,0,0,,0,0,,9,6,63,10.5,1,66.7,7.0,4,55.6,52,88.1,0,0.0,0,0.0,TE,WarrTy00"
"78,Dallas Goedert,51,0,0,11,Thu,6,6,2025-10-09,30-279,PHI,@,NYG,L 17-34,0,0,0,,0,0,0,0,,,,0,0,,,,,,,0,0,,0,0,,11,9,110,12.2,1,81.8,10.0,6,72.7,51,89.5,0,0.0,0,0.0,TE,GoedDa00"
"79,Michael Pittman Jr.,50,0,0,3,Sun,6,6,2025-10-12,28-007,IND,,ARI,W 31-27,0,0,0,,0,0,0,0,,,,0,0,,,,,,,0,0,,0,0,,3,2,20,10.0,0,66.7,6.7,2,66.7,50,84.7,0,0.0,0,0.0,WR,PittMi01"
"80,Josh Reynolds,50,0,0,3,Sun,6,6,2025-10-12,30-238,NYJ,,DEN,L 11-13,0,0,0,,0,0,0,0,,,,0,0,,,,,,,0,0,,0,0,,3,3,25,8.3,0,100.0,8.3,2,66.7,50,87.7,0,0.0,0,0.0,WR,ReynJo00"
"81,Jalen Tolbert,50,0,0,1,Sun,6,6,2025-10-12,26-227,DAL,@,CAR,L 27-30,0,0,0,,0,0,0,0,,,,0,0,,,,,,,0,0,,0,0,,1,1,8,8.0,0,100.0,8.0,0,100.0,50,90.9,0,0.0,0,0.0,WR,TolbJa00"
"82,Dyami Brown,49,0,1,5,Sun,6,6,2025-10-12,25-345,JAX,,SEA,L 12-20,0,0,0,,0,0,0,0,,,,0,0,,,,,,,1,7,7.0,0,1,100.0,5,2,13,6.5,0,40.0,2.6,0,20.0,49,64.5,0,0.0,0,0.0,WR,BrowDy00"
"83,Keon Coleman,49,0,0,6,Mon,6,6,2025-10-13,22-149,BUF,@,ATL,L 14-24,0,0,0,,0,0,0,0,,,,0,0,,,,,,,0,0,,0,0,,6,3,11,3.7,0,50.0,1.8,1,33.3,49,86.0,0,0.0,0,0.0,WR,ColeKe02"
"84,Xavier Legette,49,0,0,2,Sun,6,6,2025-10-12,24-256,CAR,,DAL,W 30-27,0,0,0,,0,0,0,0,,,,0,0,,,,,,,0,0,,0,0,,2,2,11,5.5,0,100.0,5.5,1,50.0,49,73.1,0,0.0,0,0.0,WR,LegeXa00"
"85,D.K. Metcalf,49,0,0,9,Sun,5,6,2025-10-12,27-302,PIT,,CLE,W 23-9,0,0,0,,0,0,0,0,,,,0,0,,,,,,,0,0,,0,0,,9,4,95,23.8,1,44.4,10.6,4,44.4,49,83.1,0,0.0,0,0.0,WR,MetcDK00"
"86,Chris Olave,49,0,0,10,Sun,6,6,2025-10-12,25-107,NOR,,NWE,L 19-25,0,0,0,,0,0,0,0,,,,0,0,,,,,,,0,0,,0,0,,10,6,98,16.3,0,60.0,9.8,3,60.0,49,87.5,0,0.0,0,0.0,WR,OlavCh00"
"87,Isiah Pacheco,49,0,12,3,Sun,6,6,2025-10-12,26-224,KAN,,DET,W 30-17,0,0,0,,0,0,0,0,,,,0,0,,,,,,,12,51,4.3,0,3,50.0,3,1,0,0.0,0,33.3,0.0,0,0.0,49,76.6,0,0.0,0,0.0,RB,PachIs00"
"88,Cam Skattebo,49,0,19,2,Thu,6,6,2025-10-09,23-246,NYG,,PHI,W 34-17,0,0,0,,0,0,0,0,,,,0,0,,,,,,,19,98,5.2,3,9,68.4,2,2,12,6.0,0,100.0,6.0,1,100.0,49,71.0,0,0.0,0,0.0,RB,SkatCa00"
"89,Tommy Tremble,49,0,0,4,Sun,6,6,2025-10-12,25-132,CAR,,DAL,W 30-27,0,0,0,,0,0,0,0,,,,0,0,,,,,,,0,0,,0,0,,4,4,39,9.8,0,100.0,9.8,1,50.0,49,73.1,0,0.0,12,42.9,TE,TremTo00"
"90,Jordan Whittington,49,0,0,4,Sun,6,6,2025-10-12,25-011,LAR,@,BAL,W 17-3,0,0,0,,0,0,0,0,,,,0,0,,,,,,,0,0,,0,0,,4,3,23,7.7,0,75.0,5.8,1,75.0,49,92.5,0,0.0,2,13.3,WR,WhitJo04"
"91,Oronde Gadsden II,48,0,0,8,Sun,6,6,2025-10-12,22-109,LAC,@,MIA,W 29-27,0,0,0,,0,0,0,0,,,,0,0,,,,,,,0,0,,0,0,,8,7,68,9.7,0,87.5,8.5,3,75.0,48,75.0,0,0.0,8,25.8,TE,GadsOr01"
"92,Noah Gray,48,0,0,2,Sun,6,6,2025-10-12,26-165,KAN,,DET,W 30-17,0,0,0,,0,0,0,0,,,,0,0,,,,,,,0,0,,0,0,,2,2,25,12.5,0,100.0,12.5,1,100.0,48,75.0,0,0.0,6,27.3,TE,GrayNo00"
"93,Josh Jacobs,48,0,18,5,Sun,5,6,2025-10-12,27-243,GNB,,CIN,W 27-18,0,0,0,,0,0,0,0,,,,0,0,,,,,,,18,93,5.2,2,7,55.6,5,5,57,11.4,0,100.0,11.4,1,80.0,48,78.7,0,0.0,0,0.0,RB,JacoJo01"
"94,Ashton Jeanty,48,0,23,4,Sun,6,6,2025-10-12,21-314,LVR,,TEN,W 20-10,0,0,0,,0,0,0,0,,,,0,0,,,,,,,23,75,3.3,1,4,47.8,4,2,11,5.5,0,50.0,2.8,0,50.0,48,78.7,0,0.0,1,4.3,RB,JeanAs00"
"95,Alec Pierce,48,0,0,4,Sun,6,6,2025-10-12,25-163,IND,,ARI,W 31-27,0,0,0,,0,0,0,0,,,,0,0,,,,,,,0,0,,0,0,,4,2,48,24.0,0,50.0,12.0,2,50.0,48,81.4,0,0.0,0,0.0,WR,PierAl00"
"96,Amon-Ra St. Brown,48,0,1,10,Sun,6,6,2025-10-12,25-353,DET,@,KAN,L 17-30,0,0,0,,0,0,0,0,,,,0,0,,,,,,,1,2,2.0,0,0,0.0,10,9,45,5.0,0,90.0,4.5,3,60.0,48,88.9,0,0.0,0,0.0,WR,StxxAm00"
"97,Courtland Sutton,48,0,0,3,Sun,6,6,2025-10-12,30-002,DEN,@,NYJ,W 13-11,0,0,0,,0,0,0,0,,,,0,0,,,,,,,0,0,,0,0,,3,1,17,17.0,0,33.3,5.7,1,33.3,48,80.0,0,0.0,0,0.0,WR,SuttCo00"
"98,Jaylen Waddle,48,1,0,8,Sun,6,6,2025-10-12,26-321,MIA,,LAC,L 27-29,1,1,0,100.0,8,0,0,0,0.0,0.0,100.0,0,0,0.00,8.0,8.00,8.00,8.0,0.0,0,0,,0,0,,8,6,95,15.8,0,75.0,11.9,4,62.5,48,81.4,0,0.0,0,0.0,WR,WaddJa00"
"99,Garrett Wilson,48,0,0,8,Sun,6,6,2025-10-12,25-082,NYJ,,DEN,L 11-13,0,0,0,,0,0,0,0,,,,0,0,,,,,,,0,0,,0,0,,8,3,13,4.3,0,37.5,1.6,0,12.5,48,84.2,0,0.0,0,0.0,WR,WilsGa00"
"100,Travis Etienne,47,0,12,5,Sun,6,6,2025-10-12,26-259,JAX,,SEA,L 12-20,0,0,0,,0,0,0,0,,,,0,0,,,,,,,12,27,2.3,0,1,41.7,5,4,28,7.0,0,80.0,5.6,1,40.0,47,61.8,0,0.0,0,0.0,RB,EtieTr00"
"101,Deebo Samuel,47,0,1,5,Mon,6,6,2025-10-13,29-271,WAS,,CHI,L 24-25,0,0,0,,0,0,0,0,,,,0,0,,,,,,,1,-1,-1.0,0,0,0.0,5,4,15,3.8,0,80.0,3.0,1,60.0,47,72.3,0,0.0,0,0.0,WR,SamuDe00"
"102,Darnell Washington,47,0,0,5,Sun,5,6,2025-10-12,24-056,PIT,,CLE,W 23-9,0,0,0,,0,0,0,0,,,,0,0,,,,,,,0,0,,0,0,,5,3,62,20.7,0,60.0,12.4,3,60.0,47,79.7,0,0.0,9,36.0,TE,WashDa03"
"103,Javonte Williams,47,0,13,8,Sun,6,6,2025-10-12,25-170,DAL,@,CAR,L 27-30,0,0,0,,0,0,0,0,,,,0,0,,,,,,,13,29,2.2,0,1,30.8,8,5,5,1.0,0,62.5,0.6,0,25.0,47,85.5,0,0.0,0,0.0,RB,WillJa10"
"104,Charlie Woerner,47,0,0,0,Mon,5,6,2025-10-13,27-362,ATL,,BUF,W 24-14,0,0,0,,0,0,0,0,,,,0,0,,,,,,,0,0,,0,0,,0,0,0,,0,,,0,,47,67.1,0,0.0,8,32.0,TE,WoerCh00"
"105,Xavier Worthy,47,0,1,4,Sun,6,6,2025-10-12,22-168,KAN,,DET,W 30-17,0,0,0,,0,0,0,0,,,,0,0,,,,,,,1,6,6.0,0,0,100.0,4,2,20,10.0,1,50.0,5.0,2,50.0,47,73.4,0,0.0,0,0.0,WR,WortXa00"
"106,Saquon Barkley,46,0,12,3,Thu,6,6,2025-10-09,28-242,PHI,@,NYG,L 17-34,0,0,0,,0,0,0,0,,,,0,0,,,,,,,12,58,4.8,0,3,41.7,3,2,9,4.5,0,66.7,3.0,0,0.0,46,80.7,0,0.0,0,0.0,RB,BarkSa00"
"107,Jack Bech,46,0,0,1,Sun,6,6,2025-10-12,22-298,LVR,,TEN,W 20-10,0,0,0,,0,0,0,0,,,,0,0,,,,,,,0,0,,0,0,,1,0,0,,0,0.0,0.0,0,0.0,46,75.4,0,0.0,7,30.4,WR,BechJa00"
"108,Dawson Knox,46,0,0,2,Mon,6,6,2025-10-13,28-333,BUF,@,ATL,L 14-24,0,0,0,,0,0,0,0,,,,0,0,,,,,,,0,0,,0,0,,2,1,19,19.0,1,50.0,9.5,1,50.0,46,80.7,0,0.0,0,0.0,TE,KnoxDa00"
"109,George Pickens,46,0,0,11,Sun,6,6,2025-10-12,24-222,DAL,@,CAR,L 27-30,0,0,0,,0,0,0,0,,,,0,0,,,,,,,0,0,,0,0,,11,9,168,18.7,1,81.8,15.3,7,81.8,46,83.6,0,0.0,0,0.0,WR,PickGe00"
"110,Rhamondre Stevenson,46,0,13,1,Sun,6,6,2025-10-12,27-231,NWE,@,NOR,W 25-19,0,0,0,,0,0,0,0,,,,0,0,,,,,,,13,18,1.4,0,1,30.8,1,0,0,,0,0.0,0.0,0,0.0,46,71.9,0,0.0,0,0.0,RB,StevRh00"
"111,Jameson Williams,46,0,0,7,Sun,6,6,2025-10-12,24-200,DET,@,KAN,L 17-30,0,0,0,,0,0,0,0,,,,0,0,,,,,,,0,0,,0,0,,7,6,66,11.0,1,85.7,9.4,5,71.4,46,85.2,0,0.0,0,0.0,WR,WillJa11"
"112,Van Jefferson,45,0,0,6,Sun,6,6,2025-10-12,29-078,TEN,@,LVR,L 10-20,0,0,0,,0,0,0,0,,,,0,0,,,,,,,0,0,,0,0,,6,4,75,18.8,0,66.7,12.5,4,66.7,45,73.8,0,0.0,7,30.4,WR,JeffVa00"
"113,Travis Kelce,45,0,0,7,Sun,6,6,2025-10-12,36-007,KAN,,DET,W 30-17,0,0,0,,0,0,0,0,,,,0,0,,,,,,,0,0,,0,0,,7,6,78,13.0,0,85.7,11.1,6,85.7,45,70.3,0,0.0,0,0.0,TE,KelcTr00"
"114,Ladd McConkey,45,0,0,9,Sun,6,6,2025-10-12,23-335,LAC,@,MIA,W 29-27,0,0,0,,0,0,0,0,,,,0,0,,,,,,,0,0,,0,0,,9,7,100,14.3,1,77.8,11.1,4,55.6,45,70.3,0,0.0,1,3.2,WR,McCoLa00"
"115,Jaxon Smith-Njigba,45,0,0,13,Sun,6,6,2025-10-12,23-240,SEA,@,JAX,W 20-12,0,0,0,,0,0,0,0,,,,0,0,,,,,,,0,0,,0,0,,13,8,162,20.3,1,61.5,12.5,6,46.2,45,81.8,0,0.0,0,0.0,WR,SmitJa06"
"116,Rashod Bateman,44,0,0,2,Sun,6,6,2025-10-12,25-317,BAL,,LAR,L 3-17,0,0,0,,0,0,0,0,,,,0,0,,,,,,,0,0,,0,0,,2,1,8,8.0,0,50.0,4.0,0,0.0,44,56.4,0,0.0,0,0.0,WR,BateRa00"
"117,Chris Moore,44,0,0,5,Mon,6,6,2025-10-13,32-119,WAS,,CHI,L 24-25,0,0,0,,0,0,0,0,,,,0,0,,,,,,,0,0,,0,0,,5,3,46,15.3,1,60.0,9.2,3,60.0,44,67.7,0,0.0,0,0.0,WR,MoorCh00"
"118,AJ Barner,43,0,0,3,Sun,6,6,2025-10-12,23-162,SEA,@,JAX,W 20-12,0,0,0,,0,0,0,0,,,,0,0,,,,,,,0,0,,0,0,,3,3,71,23.7,0,100.0,23.7,1,66.7,43,78.2,0,0.0,3,10.0,TE,BarnAJ00"
"119,Kayshon Boutte,43,0,0,5,Sun,6,6,2025-10-12,23-158,NWE,@,NOR,W 25-19,0,0,0,,0,0,0,0,,,,0,0,,,,,,,0,0,,0,0,,5,5,93,18.6,2,100.0,18.6,5,100.0,43,67.2,0,0.0,0,0.0,WR,BoutKa00"
"120,Jacory Croskey-Merritt,43,0,17,1,Mon,6,6,2025-10-13,24-184,WAS,,CHI,L 24-25,0,0,0,,0,0,0,0,,,,0,0,,,,,,,17,61,3.6,0,4,47.1,1,1,7,7.0,0,100.0,7.0,0,100.0,43,66.2,0,0.0,0,0.0,RB,CrosJa00"
"121,Jahan Dotson,43,0,0,2,Thu,6,6,2025-10-09,25-201,PHI,@,NYG,L 17-34,0,0,0,,0,0,0,0,,,,0,0,,,,,,,0,0,,0,0,,2,1,17,17.0,0,50.0,8.5,1,50.0,43,75.4,0,0.0,4,15.4,WR,DotsJa00"
"122,Kimani Vidal,43,0,18,4,Sun,6,6,2025-10-12,24-045,LAC,@,MIA,W 29-27,0,0,0,,0,0,0,0,,,,0,0,,,,,,,18,124,6.9,0,4,38.9,4,3,14,4.7,1,75.0,3.5,1,50.0,43,67.2,0,0.0,0,0.0,RB,VidaKi00"
"123,Davante Adams,42,0,0,9,Sun,6,6,2025-10-12,32-292,LAR,@,BAL,W 17-3,0,0,0,,0,0,0,0,,,,0,0,,,,,,,0,0,,0,0,,9,4,39,9.8,0,44.4,4.3,3,44.4,42,79.2,0,0.0,0,0.0,WR,AdamDa01"
"124,Matthew Golden,42,0,2,5,Sun,5,6,2025-10-12,22-072,GNB,,CIN,W 27-18,0,0,0,,0,0,0,0,,,,0,0,,,,,,,2,16,8.0,0,2,100.0,5,3,86,28.7,0,60.0,17.2,3,60.0,42,68.9,0,0.0,1,4.0,WR,GoldMa02"
"125,Breece Hall,42,0,22,0,Sun,6,6,2025-10-12,24-134,NYJ,,DEN,L 11-13,0,0,0,,0,0,0,0,,,,0,0,,,,,,,22,59,2.7,0,5,40.9,0,0,0,,0,,,0,,42,73.7,0,0.0,1,3.4,RB,HallBr03"
"126,Marquez Valdes-Scantling,42,0,0,3,Sun,6,6,2025-10-12,31-002,SFO,@,TAM,L 19-30,0,0,0,,0,0,0,0,,,,0,0,,,,,,,0,0,,0,0,,3,2,22,11.0,0,66.7,7.3,1,33.3,42,60.9,0,0.0,0,0.0,WR,ValdMa00"
"127,Austin Hooper,41,0,0,1,Sun,6,6,2025-10-12,30-348,NWE,@,NOR,W 25-19,0,0,0,,0,0,0,0,,,,0,0,,,,,,,0,0,,0,0,,1,1,5,5.0,0,100.0,5.0,0,100.0,41,64.1,0,0.0,3,12.5,TE,HoopAu00"
"128,Jonnu Smith,41,0,1,4,Sun,5,6,2025-10-12,30-051,PIT,,CLE,W 23-9,0,0,0,,0,0,0,0,,,,0,0,,,,,,,1,10,10.0,0,1,100.0,4,3,18,6.0,0,75.0,4.5,1,75.0,41,69.5,0,0.0,0,0.0,TE,SmitJo01"
"129,Darren Waller,41,0,0,3,Sun,6,6,2025-10-12,33-029,MIA,,LAC,L 27-29,0,0,0,,0,0,0,0,,,,0,0,,,,,,,0,0,,0,0,,3,2,12,6.0,1,66.7,4.0,1,33.3,41,69.5,0,0.0,0,0.0,TE,WallDa01"
"130,Rachaad White,41,0,17,3,Sun,6,6,2025-10-12,26-273,TAM,,SFO,W 30-19,0,0,0,,0,0,0,0,,,,0,0,,,,,,,17,65,3.8,1,6,58.8,3,3,21,7.0,0,100.0,7.0,1,66.7,41,77.4,0,0.0,0,0.0,RB,WhitRa01"
"131,Juwan Johnson,40,0,0,2,Sun,6,6,2025-10-12,29-029,NOR,,NWE,L 19-25,0,0,0,,0,0,0,0,,,,0,0,,,,,,,0,0,,0,0,,2,2,15,7.5,0,100.0,7.5,0,50.0,40,71.4,0,0.0,0,0.0,TE,JohnJu02"
"132,JuJu Smith-Schuster,40,0,0,3,Sun,6,6,2025-10-12,28-324,KAN,,DET,W 30-17,0,0,0,,0,0,0,0,,,,0,0,,,,,,,0,0,,0,0,,3,3,57,19.0,0,100.0,19.0,2,66.7,40,62.5,0,0.0,0,0.0,WR,SmitJu00"
"133,Kyren Williams,40,0,13,2,Sun,6,6,2025-10-12,25-047,LAR,@,BAL,W 17-3,0,0,0,,0,0,0,0,,,,0,0,,,,,,,13,50,3.8,1,3,53.8,2,2,37,18.5,0,100.0,18.5,1,100.0,40,75.5,0,0.0,0,0.0,RB,WillKy02"
"134,Daniel Bellinger,39,0,0,0,Thu,6,6,2025-10-09,25-017,NYG,,PHI,W 34-17,0,0,0,,0,0,0,0,,,,0,0,,,,,,,0,0,,0,0,,0,0,0,,0,,,0,,39,56.5,0,0.0,9,34.6,TE,BellDa00"
"135,Zach Ertz,39,0,0,6,Mon,6,6,2025-10-13,34-337,WAS,,CHI,L 24-25,0,0,0,,0,0,0,0,,,,0,0,,,,,,,0,0,,0,0,,6,6,43,7.2,1,100.0,7.2,3,83.3,39,60.0,0,0.0,0,0.0,TE,ErtzZa00"
"136,Mitchell Evans,39,0,0,1,Sun,6,6,2025-10-12,22-208,CAR,,DAL,W 30-27,0,0,0,,0,0,0,0,,,,0,0,,,,,,,0,0,,0,0,,1,1,21,21.0,0,100.0,21.0,1,100.0,39,58.2,0,0.0,6,21.4,TE,EvanMi01"
"137,Cooper Kupp,39,0,0,3,Sun,6,6,2025-10-12,32-119,SEA,@,JAX,W 20-12,0,0,0,,0,0,0,0,,,,0,0,,,,,,,0,0,,0,0,,3,2,40,20.0,1,66.7,13.3,2,66.7,39,70.9,0,0.0,0,0.0,WR,KuppCo00"
"138,Stefon Diggs,38,0,0,3,Sun,6,6,2025-10-12,31-317,NWE,@,NOR,W 25-19,0,0,0,,0,0,0,0,,,,0,0,,,,,,,0,0,,0,0,,3,3,28,9.3,0,100.0,9.3,2,66.7,38,59.4,0,0.0,0,0.0,WR,DiggSt00"
"139,Ryan Flournoy,38,0,1,6,Sun,6,6,2025-10-12,25-350,DAL,@,CAR,L 27-30,0,0,0,,0,0,0,0,,,,0,0,,,,,,,1,3,3.0,0,0,0.0,6,3,30,10.0,0,50.0,5.0,2,50.0,38,69.1,0,0.0,0,0.0,WR,FlouRy00"
"140,Derrick Henry,38,0,24,2,Sun,6,6,2025-10-12,31-281,BAL,,LAR,L 3-17,0,0,0,,0,0,0,0,,,,0,0,,,,,,,24,122,5.1,0,7,66.7,2,1,8,8.0,0,50.0,4.0,0,50.0,38,48.7,0,0.0,0,0.0,RB,HenrDe00"
"141,Julian Hill,38,0,0,3,Sun,6,6,2025-10-12,25-095,MIA,,LAC,L 27-29,0,0,0,,0,0,0,0,,,,0,0,,,,,,,0,0,,0,0,,3,3,31,10.3,0,100.0,10.3,1,66.7,38,64.4,0,0.0,16,51.6,TE,HillJu02"
"142,Tez Johnson,38,0,0,3,Sun,6,6,2025-10-12,23-147,TAM,,SFO,W 30-19,0,0,0,,0,0,0,0,,,,0,0,,,,,,,0,0,,0,0,,3,1,45,45.0,1,33.3,15.0,1,33.3,38,71.7,0,0.0,0,0.0,WR,JohnTe03"
"143,Mo Alie-Cox,37,0,0,2,Sun,6,6,2025-10-12,32-023,IND,,ARI,W 31-27,0,0,0,,0,0,0,0,,,,0,0,,,,,,,0,0,,0,0,,2,1,16,16.0,0,50.0,8.0,1,50.0,37,62.7,0,0.0,11,40.7,TE,AlieMo00"
"144,Jake Ferguson,37,0,0,3,Sun,6,6,2025-10-12,26-267,DAL,@,CAR,L 27-30,0,0,0,,0,0,0,0,,,,0,0,,,,,,,0,0,,0,0,,3,3,33,11.0,1,100.0,11.0,2,66.7,37,67.3,0,0.0,0,0.0,TE,FergJa00"
"145,Jahmyr Gibbs,37,0,17,2,Sun,6,6,2025-10-12,23-206,DET,@,KAN,L 17-30,0,0,0,,0,0,0,0,,,,0,0,,,,,,,17,65,3.8,0,3,58.8,2,1,0,0.0,0,50.0,0.0,0,0.0,37,68.5,0,0.0,0,0.0,RB,GibbJa01"
"146,Zonovan Knight,37,0,11,2,Sun,6,6,2025-10-12,24-184,ARI,@,IND,L 27-31,0,0,0,,0,0,0,0,,,,0,0,,,,,,,11,34,3.1,1,3,63.6,2,1,20,20.0,0,50.0,10.0,1,50.0,37,50.7,0,0.0,6,22.2,RB,KnigZo00"
"147,Jamari Thrash,37,0,0,3,Sun,6,6,2025-10-12,24-297,CLE,@,PIT,L 9-23,0,0,0,,0,0,0,0,,,,0,0,,,,,,,0,0,,0,0,,3,2,13,6.5,0,66.7,4.3,0,33.3,37,45.1,0,0.0,0,0.0,WR,ThraJa01"
"148,Nick Westbrook-Ikhine,37,0,0,1,Sun,6,6,2025-10-12,28-205,MIA,,LAC,L 27-29,0,0,0,,0,0,0,0,,,,0,0,,,,,,,0,0,,0,0,,1,0,0,,0,0.0,0.0,0,0.0,37,62.7,0,0.0,0,0.0,WR,WestNi00"
"149,Keenan Allen,36,0,0,7,Sun,6,6,2025-10-12,33-168,LAC,@,MIA,W 29-27,0,0,0,,0,0,0,0,,,,0,0,,,,,,,0,0,,0,0,,7,4,27,6.8,0,57.1,3.9,2,42.9,36,56.3,0,0.0,0,0.0,WR,AlleKe00"
"150,Brandin Cooks,36,0,0,1,Sun,6,6,2025-10-12,32-017,NOR,,NWE,L 19-25,0,0,0,,0,0,0,0,,,,0,0,,,,,,,0,0,,0,0,,1,1,21,21.0,0,100.0,21.0,1,100.0,36,64.3,0,0.0,0,0.0,WR,CookBr00"
"151,David Njoku,36,0,0,6,Sun,6,6,2025-10-12,29-094,CLE,@,PIT,L 9-23,0,0,0,,0,0,0,0,,,,0,0,,,,,,,0,0,,0,0,,6,3,28,9.3,0,50.0,4.7,1,50.0,36,43.9,0,0.0,0,0.0,TE,NjokDa00"
"152,Tyjae Spears,36,0,5,4,Sun,6,6,2025-10-12,24-119,TEN,@,LVR,L 10-20,0,0,0,,0,0,0,0,,,,0,0,,,,,,,5,31,6.2,0,2,60.0,4,4,19,4.8,0,100.0,4.8,0,50.0,36,59.0,0,0.0,0,0.0,RB,SpeaTy00"
"153,D'Andre Swift,36,0,14,3,Mon,5,6,2025-10-13,26-272,CHI,@,WAS,W 25-24,0,0,0,,0,0,0,0,,,,0,0,,,,,,,14,108,7.7,0,6,64.3,3,2,67,33.5,1,66.7,22.3,2,66.7,36,56.3,0,0.0,0,0.0,RB,SwifDA00"
"154,Chase Brown,35,0,9,2,Sun,6,6,2025-10-12,25-205,CIN,@,GNB,L 18-27,0,0,0,,0,0,0,0,,,,0,0,,,,,,,9,42,4.7,0,1,66.7,2,2,7,3.5,0,100.0,3.5,0,50.0,35,53.8,0,0.0,0,0.0,RB,BrowCh10"
"155,Pat Bryant,35,0,0,2,Sun,6,6,2025-10-12,22-306,DEN,@,NYJ,W 13-11,0,0,0,,0,0,0,0,,,,0,0,,,,,,,0,0,,0,0,,2,2,22,11.0,0,100.0,11.0,2,100.0,35,58.3,0,0.0,1,3.4,WR,BryaPa00"
"156,Troy Franklin,35,0,1,4,Sun,6,6,2025-10-12,22-248,DEN,@,NYJ,W 13-11,0,0,0,,0,0,0,0,,,,0,0,,,,,,,1,2,2.0,0,0,0.0,4,3,19,6.3,0,75.0,4.8,0,75.0,35,58.3,0,0.0,0,0.0,WR,FranTr00"
"157,Tyler Higbee,35,0,0,4,Sun,6,6,2025-10-12,32-284,LAR,@,BAL,W 17-3,0,0,0,,0,0,0,0,,,,0,0,,,,,,,0,0,,0,0,,4,4,40,10.0,1,100.0,10.0,2,75.0,35,66.0,0,0.0,0,0.0,TE,HigbTy00"
"158,Justice Hill,35,0,6,6,Sun,6,6,2025-10-12,27-332,BAL,,LAR,L 3-17,0,0,0,,0,0,0,0,,,,0,0,,,,,,,6,16,2.7,0,1,50.0,6,5,28,5.6,0,83.3,4.7,0,16.7,35,44.9,0,0.0,0,0.0,RB,HillJu00"
"159,Mack Hollins,35,0,0,3,Sun,6,6,2025-10-12,32-026,NWE,@,NOR,W 25-19,0,0,0,,0,0,0,0,,,,0,0,,,,,,,0,0,,0,0,,3,2,28,14.0,0,66.7,9.3,2,66.7,35,54.7,0,0.0,6,25.0,WR,HollMa00"
"160,Alvin Kamara,35,0,10,5,Sun,6,6,2025-10-12,30-079,NOR,,NWE,L 19-25,0,0,0,,0,0,0,0,,,,0,0,,,,,,,10,31,3.1,0,1,40.0,5,5,45,9.0,0,100.0,9.0,1,60.0,35,62.5,0,0.0,0,0.0,RB,KamaAl00"
"161,Chigoziem Okonkwo,35,0,0,6,Sun,6,6,2025-10-12,26-034,TEN,@,LVR,L 10-20,0,0,0,,0,0,0,0,,,,0,0,,,,,,,0,0,,0,0,,6,6,46,7.7,0,100.0,7.7,2,50.0,35,57.4,0,0.0,0,0.0,TE,OkonCh00"
"162,Chimere Dike,34,0,0,3,Sun,6,6,2025-10-12,23-302,TEN,@,LVR,L 10-20,0,0,0,,0,0,0,0,,,,0,0,,,,,,,0,0,,0,0,,3,2,8,4.0,0,66.7,2.7,0,0.0,34,55.7,0,0.0,9,39.1,WR,DikeCh00"
"163,Rashid Shaheed,34,0,0,6,Sun,6,6,2025-10-12,27-042,NOR,,NWE,L 19-25,0,0,0,,0,0,0,0,,,,0,0,,,,,,,0,0,,0,0,,6,4,28,7.0,0,66.7,4.7,1,16.7,34,60.7,0,0.0,3,12.5,WR,ShahRa00"
"164,Khalil Shakir,34,0,0,5,Mon,6,6,2025-10-13,25-252,BUF,@,ATL,L 14-24,0,0,0,,0,0,0,0,,,,0,0,,,,,,,0,0,,0,0,,5,3,33,11.0,0,60.0,6.6,1,40.0,34,59.6,0,0.0,0,0.0,WR,ShakKh00"
"165,Arian Smith,34,0,0,1,Sun,6,6,2025-10-12,24-001,NYJ,,DEN,L 11-13,0,0,0,,0,0,0,0,,,,0,0,,,,,,,0,0,,0,0,,1,0,0,,0,0.0,0.0,0,0.0,34,59.6,0,0.0,6,20.7,WR,SmitAr01"
"166,Marquise Brown,33,0,0,4,Sun,6,6,2025-10-12,28-130,KAN,,DET,W 30-17,0,0,0,,0,0,0,0,,,,0,0,,,,,,,0,0,,0,0,,4,4,45,11.3,2,100.0,11.3,4,100.0,33,51.6,0,0.0,0,0.0,WR,BrowMa04"
"167,Zach Charbonnet,33,0,12,1,Sun,6,6,2025-10-12,24-277,SEA,@,JAX,W 20-12,0,0,0,,0,0,0,0,,,,0,0,,,,,,,12,24,2.0,0,0,25.0,1,1,13,13.0,0,100.0,13.0,1,100.0,33,60.0,0,0.0,0,0.0,RB,CharZa00"
"168,Jerome Ford,33,0,2,6,Sun,6,6,2025-10-12,26-030,CLE,@,PIT,L 9-23,0,0,0,,0,0,0,0,,,,0,0,,,,,,,2,17,8.5,0,2,100.0,6,5,13,2.6,0,83.3,2.2,0,50.0,33,40.2,0,0.0,6,24.0,RB,FordJe00"
"169,Elijah Higgins,33,0,0,2,Sun,6,6,2025-10-12,24-350,ARI,@,IND,L 27-31,0,0,0,,0,0,0,0,,,,0,0,,,,,,,0,0,,0,0,,2,2,34,17.0,0,100.0,17.0,2,100.0,33,45.2,0,0.0,20,74.1,TE,HiggEl00"
"170,Quinshon Judkins,33,0,12,1,Sun,6,6,2025-10-12,21-348,CLE,@,PIT,L 9-23,0,0,0,,0,0,0,0,,,,0,0,,,,,,,12,36,3.0,0,4,41.7,1,0,0,,0,0.0,0.0,0,0.0,33,40.2,0,0.0,0,0.0,RB,JudkQu00"
"171,Cole Kmet,33,0,0,2,Mon,5,6,2025-10-13,26-217,CHI,@,WAS,W 25-24,0,0,0,,0,0,0,0,,,,0,0,,,,,,,0,0,,0,0,,2,1,0,0.0,0,50.0,0.0,0,0.0,33,51.6,0,0.0,6,24.0,TE,KmetCo00"
"172,Michael Carter,32,0,9,5,Sun,6,6,2025-10-12,26-158,ARI,@,IND,L 27-31,0,0,0,,0,0,0,0,,,,0,0,,,,,,,9,34,3.8,0,1,44.4,5,2,30,15.0,0,40.0,6.0,2,40.0,32,43.8,0,0.0,0,0.0,RB,CartMi03"
"173,Greg Dortch,32,0,0,3,Sun,6,6,2025-10-12,27-136,ARI,@,IND,L 27-31,0,0,0,,0,0,0,0,,,,0,0,,,,,,,0,0,,0,0,,3,3,9,3.0,1,100.0,3.0,1,33.3,32,43.8,0,0.0,9,33.3,WR,DortGr01"
"174,Noah Fant,32,0,0,4,Sun,6,6,2025-10-12,27-326,CIN,@,GNB,L 18-27,0,0,0,,0,0,0,0,,,,0,0,,,,,,,0,0,,0,0,,4,4,27,6.8,0,100.0,6.8,0,75.0,32,49.2,0,0.0,0,0.0,TE,FantNo00"
"175,Jackson Hawes,31,0,0,0,Mon,6,6,2025-10-13,24-311,BUF,@,ATL,L 14-24,0,0,0,,0,0,0,0,,,,0,0,,,,,,,0,0,,0,0,,0,0,0,,0,,,0,,31,54.4,0,0.0,5,20.0,TE,HaweJa00"
"176,David Sills V,31,0,0,0,Mon,5,6,2025-10-13,29-137,ATL,,BUF,W 24-14,0,0,0,,0,0,0,0,,,,0,0,,,,,,,0,0,,0,0,,0,0,0,,0,,,0,,31,44.3,0,0.0,0,0.0,WR,SillDa01"
"177,Jaylen Warren,31,0,11,2,Sun,5,6,2025-10-12,26-345,PIT,,CLE,W 23-9,0,0,0,,0,0,0,0,,,,0,0,,,,,,,11,52,4.7,0,3,36.4,2,2,11,5.5,0,100.0,5.5,1,50.0,31,52.5,0,0.0,0,0.0,RB,WarrJa01"
"178,Brock Wright,31,0,0,0,Sun,6,6,2025-10-12,26-319,DET,@,KAN,L 17-30,0,0,0,,0,0,0,0,,,,0,0,,,,,,,0,0,,0,0,,0,0,0,,0,,,0,,31,57.4,0,0.0,12,54.5,TE,WrigBr01"
"179,John Bates,30,0,0,0,Mon,6,6,2025-10-13,27-341,WAS,,CHI,L 24-25,0,0,0,,0,0,0,0,,,,0,0,,,,,,,0,0,,0,0,,0,0,0,,0,,,0,,30,46.2,0,0.0,12,48.0,TE,BateJo00"
"180,James Cook,30,0,17,0,Mon,6,6,2025-10-13,26-018,BUF,@,ATL,L 14-24,0,0,0,,0,0,0,0,,,,0,0,,,,,,,17,87,5.1,0,5,70.6,0,0,0,,0,,,0,,30,52.6,0,0.0,0,0.0,RB,CookJa01"
"181,J.K. Dobbins,30,0,14,1,Sun,6,6,2025-10-12,26-299,DEN,@,NYJ,W 13-11,0,0,0,,0,0,0,0,,,,0,0,,,,,,,14,40,2.9,0,2,42.9,1,0,0,,0,0.0,0.0,0,0.0,30,50.0,0,0.0,0,0.0,RB,DobbJK00"
"182,Josh Downs,30,0,0,7,Sun,6,6,2025-10-12,24-061,IND,,ARI,W 31-27,0,0,0,,0,0,0,0,,,,0,0,,,,,,,0,0,,0,0,,7,6,42,7.0,1,85.7,6.0,3,57.1,30,50.8,0,0.0,0,0.0,WR,DownJo00"
"183,Johnny Mundt,30,0,0,2,Sun,6,6,2025-10-12,30-323,JAX,,SEA,L 12-20,0,0,0,,0,0,0,0,,,,0,0,,,,,,,0,0,,0,0,,2,1,14,14.0,0,50.0,7.0,1,50.0,30,39.5,0,0.0,0,0.0,TE,MundJo00"
"184,Samaje Perine,30,0,6,3,Sun,6,6,2025-10-12,30-026,CIN,@,GNB,L 18-27,0,0,0,,0,0,0,0,,,,0,0,,,,,,,6,16,2.7,0,4,83.3,3,2,16,8.0,0,66.7,5.3,1,33.3,30,46.2,0,0.0,14,56.0,RB,PeriSa00"
"185,Gunnar Helm,29,0,0,3,Sun,6,6,2025-10-12,23-036,TEN,@,LVR,L 10-20,0,0,0,,0,0,0,0,,,,0,0,,,,,,,0,0,,0,0,,3,2,15,7.5,0,66.7,5.0,0,66.7,29,47.5,0,0.0,5,21.7,TE,HelmGu00"
"186,Jalin Hyatt,29,0,0,5,Thu,6,6,2025-10-09,24-014,NYG,,PHI,W 34-17,0,0,0,,0,0,0,0,,,,0,0,,,,,,,0,0,,0,0,,5,3,17,5.7,0,60.0,3.4,1,60.0,29,42.0,0,0.0,0,0.0,WR,HyatJa00"
"187,Emeka Egbuka,28,0,0,4,Sun,6,6,2025-10-12,22-363,TAM,,SFO,W 30-19,0,0,0,,0,0,0,0,,,,0,0,,,,,,,0,0,,0,0,,4,2,24,12.0,0,50.0,6.0,1,50.0,28,52.8,0,0.0,0,0.0,WR,EgbuEm01"
"188,Evan Engram,28,0,1,6,Sun,6,6,2025-10-12,31-040,DEN,@,NYJ,W 13-11,0,0,0,,0,0,0,0,,,,0,0,,,,,,,1,7,7.0,0,0,100.0,6,5,42,8.4,0,83.3,7.0,4,66.7,28,46.7,0,0.0,0,0.0,TE,EngrEv00"
"189,Malik Heath,28,0,0,0,Sun,5,6,2025-10-12,25-195,GNB,,CIN,W 27-18,0,0,0,,0,0,0,0,,,,0,0,,,,,,,0,0,,0,0,,0,0,0,,0,,,0,,28,45.9,0,0.0,0,0.0,WR,HeatMa00"
"190,Charlie Kolar,28,0,0,1,Sun,6,6,2025-10-12,26-244,BAL,,LAR,L 3-17,0,0,0,,0,0,0,0,,,,0,0,,,,,,,0,0,,0,0,,1,0,0,,0,0.0,0.0,0,0.0,28,35.9,0,0.0,10,66.7,TE,KolaCh00"
"191,Tyrell Shavers,28,0,0,5,Mon,6,6,2025-10-13,26-056,BUF,@,ATL,L 14-24,0,0,0,,0,0,0,0,,,,0,0,,,,,,,0,0,,0,0,,5,3,27,9.0,0,60.0,5.4,1,60.0,28,49.1,0,0.0,12,48.0,WR,ShavTy00"
"192,Luke Farrell,27,0,0,0,Sun,6,6,2025-10-12,27-363,SFO,@,TAM,L 19-30,0,0,0,,0,0,0,0,,,,0,0,,,,,,,0,0,,0,0,,0,0,0,,0,,,0,,27,39.1,0,0.0,14,50.0,TE,FarrLu00"
"193,Tucker Fisk,27,0,0,0,Sun,6,6,2025-10-12,26-266,LAC,@,MIA,W 29-27,0,0,0,,0,0,0,0,,,,0,0,,,,,,,0,0,,0,0,,0,0,0,,0,,,0,,27,42.2,0,0.0,0,0.0,TE,FiskTu00"
"194,Jaylin Lane,27,0,1,2,Mon,6,6,2025-10-13,23-165,WAS,,CHI,L 24-25,0,0,0,,0,0,0,0,,,,0,0,,,,,,,1,7,7.0,0,0,100.0,2,1,37,37.0,0,50.0,18.5,1,50.0,27,41.5,0,0.0,8,32.0,WR,LaneJa00"
"195,Colston Loveland,27,0,0,3,Mon,5,6,2025-10-13,21-187,CHI,@,WAS,W 25-24,0,0,0,,0,0,0,0,,,,0,0,,,,,,,0,0,,0,0,,3,2,11,5.5,0,66.7,3.7,1,33.3,27,42.2,0,0.0,0,0.0,TE,LoveCo00"
"196,Puka Nacua,27,0,0,3,Sun,6,6,2025-10-12,24-136,LAR,@,BAL,W 17-3,0,0,0,,0,0,0,0,,,,0,0,,,,,,,0,0,,0,0,,3,2,28,14.0,0,66.7,9.3,2,66.7,27,50.9,0,0.0,0,0.0,WR,NacuPu00"
"197,Will Dissly,26,0,0,2,Sun,6,6,2025-10-12,29-096,LAC,@,MIA,W 29-27,0,0,0,,0,0,0,0,,,,0,0,,,,,,,0,0,,0,0,,2,2,18,9.0,0,100.0,9.0,1,100.0,26,40.6,0,0.0,0,0.0,TE,DissWi00"
"198,DeAndre Hopkins,26,0,0,4,Sun,6,6,2025-10-12,33-128,BAL,,LAR,L 3-17,0,0,0,,0,0,0,0,,,,0,0,,,,,,,0,0,,0,0,,4,2,20,10.0,0,50.0,5.0,2,50.0,26,33.3,0,0.0,0,0.0,WR,HopkDe00"
"199,Kameron Johnson,26,0,0,4,Sun,6,6,2025-10-12,23-209,TAM,,SFO,W 30-19,0,0,0,,0,0,0,0,,,,0,0,,,,,,,0,0,,0,0,,4,4,64,16.0,1,100.0,16.0,3,75.0,26,49.1,0,0.0,12,42.9,WR,JohnKa01"
"200,Scott Miller,26,0,0,0,Sun,5,6,2025-10-12,28-073,PIT,,CLE,W 23-9,0,0,0,,0,0,0,0,,,,0,0,,,,,,,0,0,,0,0,,0,0,0,,0,,,0,,26,44.1,0,0.0,2,8.0,WR,MillSc01"
"201,Tony Pollard,26,0,10,2,Sun,6,6,2025-10-12,28-165,TEN,@,LVR,L 10-20,0,0,0,,0,0,0,0,,,,0,0,,,,,,,10,34,3.4,0,1,30.0,2,2,13,6.5,0,100.0,6.5,1,100.0,26,42.6,0,0.0,0,0.0,RB,PollTo00"
"202,Sterling Shepard,26,0,0,3,Sun,6,6,2025-10-12,32-244,TAM,,SFO,W 30-19,0,0,0,,0,0,0,0,,,,0,0,,,,,,,0,0,,0,0,,3,2,51,25.5,0,66.7,17.0,1,33.3,26,49.1,0,0.0,0,0.0,WR,ShepSt00"
"203,Malik Washington,26,0,1,5,Sun,6,6,2025-10-12,24-281,MIA,,LAC,L 27-29,0,0,0,,0,0,0,0,,,,0,0,,,,,,,1,1,1.0,0,0,0.0,5,4,22,5.5,0,80.0,4.4,2,60.0,26,44.1,0,0.0,9,29.0,WR,WashMa00"
"204,Elijah Arroyo,25,0,0,2,Sun,6,6,2025-10-12,22-190,SEA,@,JAX,W 20-12,0,0,0,,0,0,0,0,,,,0,0,,,,,,,0,0,,0,0,,2,1,6,6.0,0,50.0,3.0,0,0.0,25,45.5,0,0.0,3,10.0,TE,ArroEl00"
"205,Tory Horton,25,0,0,1,Sun,6,6,2025-10-12,22-317,SEA,@,JAX,W 20-12,0,0,0,,0,0,0,0,,,,0,0,,,,,,,0,0,,0,0,,1,0,0,,0,0.0,0.0,0,0.0,25,45.5,0,0.0,8,26.7,WR,HortTo00"
"206,Tyler Huntley,25,15,3,0,Sun,6,6,2025-10-12,27-251,BAL,,LAR,L 3-17,10,15,5,66.7,68,0,0,0,0.0,0.0,76.5,4,23,21.05,4.5,4.53,2.37,6.8,26.3,3,39,13.0,0,2,100.0,0,0,0,,0,,,0,,25,32.1,0,0.0,0,0.0,QB,HuntTy01"
"207,Kyle Juszczyk,25,0,0,1,Sun,6,6,2025-10-12,34-172,SFO,@,TAM,L 19-30,0,0,0,,0,0,0,0,,,,0,0,,,,,,,0,0,,0,0,,1,1,9,9.0,0,100.0,9.0,0,100.0,25,36.2,0,0.0,3,10.7,FB,JuszKy00"
"208,Luke McCaffrey,25,0,0,1,Mon,6,6,2025-10-13,24-194,WAS,,CHI,L 24-25,0,0,0,,0,0,0,0,,,,0,0,,,,,,,0,0,,0,0,,1,1,33,33.0,1,100.0,33.0,1,100.0,25,38.5,0,0.0,11,44.0,WR,McCaLu00"
"209,Isaac TeSlaa,25,0,0,0,Sun,6,6,2025-10-12,23-234,DET,@,KAN,L 17-30,0,0,0,,0,0,0,0,,,,0,0,,,,,,,0,0,,0,0,,0,0,0,,0,,,0,,25,46.3,0,0.0,3,13.6,WR,TeSlIs00"
"210,Parker Washington,25,0,0,4,Sun,6,6,2025-10-12,23-205,JAX,,SEA,L 12-20,0,0,0,,0,0,0,0,,,,0,0,,,,,,,0,0,,0,0,,4,2,29,14.5,0,50.0,7.3,2,50.0,25,32.9,0,0.0,7,23.3,WR,WashPa01"
"211,Payne Durham,24,0,0,0,Sun,6,6,2025-10-12,25-119,TAM,,SFO,W 30-19,0,0,0,,0,0,0,0,,,,0,0,,,,,,,0,0,,0,0,,0,0,0,,0,,,0,,24,45.3,0,0.0,14,50.0,TE,DurhPa00"
"212,Ty Johnson,24,0,1,2,Mon,6,6,2025-10-13,28-026,BUF,@,ATL,L 14-24,0,0,0,,0,0,0,0,,,,0,0,,,,,,,1,5,5.0,0,0,100.0,2,1,11,11.0,0,50.0,5.5,0,0.0,24,42.1,0,0.0,11,44.0,RB,JohnTy02"
"213,Nate Adkins,23,0,0,2,Sun,6,6,2025-10-12,26-095,DEN,@,NYJ,W 13-11,0,0,0,,0,0,0,0,,,,0,0,,,,,,,0,0,,0,0,,2,2,23,11.5,1,100.0,11.5,1,100.0,23,38.3,0,0.0,10,34.5,TE,AdkiNa00"
"214,Alec Ingold,23,0,1,1,Sun,6,6,2025-10-12,29-095,MIA,,LAC,L 27-29,0,0,0,,0,0,0,0,,,,0,0,,,,,,,1,3,3.0,0,0,0.0,1,1,22,22.0,0,100.0,22.0,1,100.0,23,39.0,0,0.0,6,19.4,FB,IngoAl01"
"215,Adam Trautman,23,0,0,0,Sun,6,6,2025-10-12,28-249,DEN,@,NYJ,W 13-11,0,0,0,,0,0,0,0,,,,0,0,,,,,,,0,0,,0,0,,0,0,0,,0,,,0,,23,38.3,0,0.0,5,17.2,TE,TrauAd00"
"216,Brycen Tremayne,23,0,0,0,Sun,6,6,2025-10-12,25-328,CAR,,DAL,W 30-27,0,0,0,,0,0,0,0,,,,0,0,,,,,,,0,0,,0,0,,0,0,0,,0,,,0,,23,34.3,0,0.0,17,60.7,WR,TremBr00"
"217,Tyler Allgeier,22,0,10,1,Mon,5,6,2025-10-13,25-181,ATL,,BUF,W 24-14,0,0,0,,0,0,0,0,,,,0,0,,,,,,,10,32,3.2,1,3,40.0,1,1,6,6.0,0,100.0,6.0,0,100.0,22,31.4,0,0.0,7,28.0,RB,AllgTy00"
"218,Kendre Miller,22,0,8,1,Sun,6,6,2025-10-12,23-123,NOR,,NWE,L 19-25,0,0,0,,0,0,0,0,,,,0,0,,,,,,,8,21,2.6,0,2,37.5,1,1,11,11.0,0,100.0,11.0,1,100.0,22,39.3,0,0.0,5,20.8,RB,MillKe01"
"219,Kyle Monangai,22,0,5,1,Mon,5,6,2025-10-13,23-129,CHI,@,WAS,W 25-24,0,0,0,,0,0,0,0,,,,0,0,,,,,,,5,19,3.8,0,0,80.0,1,1,25,25.0,0,100.0,25.0,1,100.0,22,34.4,0,0.0,0,0.0,RB,MonaKy00"
"220,Jeremy Ruckert,22,0,0,0,Sun,6,6,2025-10-12,25-062,NYJ,,DEN,L 11-13,0,0,0,,0,0,0,0,,,,0,0,,,,,,,0,0,,0,0,,0,0,0,,0,,,0,,22,38.6,0,0.0,13,44.8,TE,RuckJe00"
"221,Drew Sample,22,0,0,2,Sun,6,6,2025-10-12,29-179,CIN,@,GNB,L 18-27,0,0,0,,0,0,0,0,,,,0,0,,,,,,,0,0,,0,0,,2,1,-2,-2.0,0,50.0,-1.0,0,0.0,22,33.8,0,0.0,14,56.0,TE,SampDr00"
"222,Eric Saubert,22,0,0,0,Sun,6,6,2025-10-12,31-164,SEA,@,JAX,W 20-12,0,0,0,,0,0,0,0,,,,0,0,,,,,,,0,0,,0,0,,0,0,0,,0,,,0,,22,40.0,0,0.0,15,50.0,TE,SaubEr00"
"223,Blake Whiteheart,22,0,0,1,Sun,6,6,2025-10-12,25-204,CLE,@,PIT,L 9-23,0,0,0,,0,0,0,0,,,,0,0,,,,,,,0,0,,0,0,,1,1,0,0.0,0,100.0,0.0,0,0.0,22,26.8,0,0.0,13,52.0,TE,WhitBl01"
"224,Davis Allen,21,0,0,2,Sun,6,6,2025-10-12,24-251,LAR,@,BAL,W 17-3,0,0,0,,0,0,0,0,,,,0,0,,,,,,,0,0,,0,0,,2,1,7,7.0,0,50.0,3.5,0,50.0,21,39.6,0,0.0,9,60.0,TE,AlleDa02"
"225,Pat Freiermuth,21,0,0,1,Sun,5,6,2025-10-12,26-352,PIT,,CLE,W 23-9,0,0,0,,0,0,0,0,,,,0,0,,,,,,,0,0,,0,0,,1,1,11,11.0,0,100.0,11.0,0,100.0,21,35.6,0,0.0,0,0.0,TE,FreiPa00"
"226,Reggie Gilliam,21,0,0,0,Mon,6,6,2025-10-13,28-054,BUF,@,ATL,L 14-24,0,0,0,,0,0,0,0,,,,0,0,,,,,,,0,0,,0,0,,0,0,0,,0,,,0,,21,36.8,0,0.0,20,80.0,FB,GillRe00"
"227,Jeremy McNichols,21,0,2,4,Mon,6,6,2025-10-13,29-291,WAS,,CHI,L 24-25,0,0,0,,0,0,0,0,,,,0,0,,,,,,,2,5,2.5,0,1,50.0,4,3,30,10.0,0,75.0,7.5,2,50.0,21,32.3,0,0.0,0,0.0,RB,McNiJe00"
"228,Marvin Mims,21,0,1,3,Sun,6,6,2025-10-12,23-207,DEN,@,NYJ,W 13-11,0,0,0,,0,0,0,0,,,,0,0,,,,,,,1,-2,-2.0,0,0,0.0,3,2,30,15.0,0,66.7,10.0,1,33.3,21,35.0,0,0.0,12,41.4,WR,MimsMa00"
"229,Luke Musgrave,21,0,0,2,Sun,5,6,2025-10-12,25-040,GNB,,CIN,W 27-18,0,0,0,,0,0,0,0,,,,0,0,,,,,,,0,0,,0,0,,2,1,7,7.0,0,50.0,3.5,0,50.0,21,34.4,0,0.0,0,0.0,TE,MusgLu00"
"230,Tyrone Tracy Jr.,21,0,4,0,Thu,6,6,2025-10-09,25-320,NYG,,PHI,W 34-17,0,0,0,,0,0,0,0,,,,0,0,,,,,,,4,6,1.5,0,0,25.0,0,0,0,,0,,,0,,21,30.4,0,0.0,0,0.0,RB,TracTy00"
"231,Dontayvion Wicks,21,0,0,2,Sun,5,6,2025-10-12,24-118,GNB,,CIN,W 27-18,0,0,0,,0,0,0,0,,,,0,0,,,,,,,0,0,,0,0,,2,2,15,7.5,0,100.0,7.5,1,100.0,21,34.4,0,0.0,0,0.0,WR,WickDo00"
"232,Kenneth Gainwell,20,0,6,6,Sun,5,6,2025-10-12,26-212,PIT,,CLE,W 23-9,0,0,0,,0,0,0,0,,,,0,0,,,,,,,6,22,3.7,0,2,50.0,6,6,14,2.3,0,100.0,2.3,0,0.0,20,33.9,0,0.0,11,44.0,RB,GainKe00"
"233,Hassan Haskins,20,0,6,1,Sun,6,6,2025-10-12,25-320,LAC,@,MIA,W 29-27,0,0,0,,0,0,0,0,,,,0,0,,,,,,,6,14,2.3,0,2,33.3,1,1,9,9.0,0,100.0,9.0,0,100.0,20,31.3,0,0.0,12,38.7,RB,HaskHa00"
"234,Tyler Lockett,20,0,0,3,Sun,6,6,2025-10-12,33-014,TEN,@,LVR,L 10-20,0,0,0,,0,0,0,0,,,,0,0,,,,,,,0,0,,0,0,,3,1,0,0.0,0,33.3,0.0,0,0.0,20,32.8,0,0.0,0,0.0,WR,LockTy00"
"235,Foster Moreau,20,0,0,1,Sun,6,6,2025-10-12,28-159,NOR,,NWE,L 19-25,0,0,0,,0,0,0,0,,,,0,0,,,,,,,0,0,,0,0,,1,1,9,9.0,0,100.0,9.0,0,100.0,20,35.7,0,0.0,5,20.8,TE,MoreFo00"
"236,Luke Schoonmaker,20,0,0,2,Sun,6,6,2025-10-12,27-014,DAL,@,CAR,L 27-30,0,0,0,,0,0,0,0,,,,0,0,,,,,,,0,0,,0,0,,2,1,8,8.0,0,50.0,4.0,0,50.0,20,36.4,0,0.0,14,50.0,TE,SchoLu00"
"237,TreVeyon Henderson,19,0,9,2,Sun,6,6,2025-10-12,22-355,NWE,@,NOR,W 25-19,0,0,0,,0,0,0,0,,,,0,0,,,,,,,9,27,3.0,0,1,66.7,2,1,9,9.0,0,50.0,4.5,0,50.0,19,29.7,0,0.0,0,0.0,RB,HendTr02"
"238,Kareem Hunt,19,0,6,1,Sun,6,6,2025-10-12,30-067,KAN,,DET,W 30-17,0,0,0,,0,0,0,0,,,,0,0,,,,,,,6,23,3.8,0,2,33.3,1,1,11,11.0,0,100.0,11.0,1,100.0,19,29.7,0,0.0,0,0.0,RB,HuntKa00"
"239,Kenneth Walker III,19,0,10,1,Sun,6,6,2025-10-12,24-357,SEA,@,JAX,W 20-12,0,0,0,,0,0,0,0,,,,0,0,,,,,,,10,34,3.4,0,1,50.0,1,1,3,3.0,0,100.0,3.0,0,0.0,19,34.5,0,0.0,0,0.0,RB,WalkKe00"
"240,LeQuint Allen,18,0,1,2,Sun,6,6,2025-10-12,21-068,JAX,,SEA,L 12-20,0,0,0,,0,0,0,0,,,,0,0,,,,,,,1,2,2.0,0,0,0.0,2,1,10,10.0,0,50.0,5.0,0,0.0,18,23.7,0,0.0,12,40.0,RB,AlleLe01"
"241,KeAndre Lambert-Smith,18,0,0,2,Sun,6,6,2025-10-12,23-361,LAC,@,MIA,W 29-27,0,0,0,,0,0,0,0,,,,0,0,,,,,,,0,0,,0,0,,2,1,1,1.0,0,50.0,0.5,0,0.0,18,28.1,0,0.0,5,16.1,WR,LambKe01"
"242,Hunter Renfrow,18,0,0,2,Sun,6,6,2025-10-12,29-295,CAR,,DAL,W 30-27,0,0,0,,0,0,0,0,,,,0,0,,,,,,,0,0,,0,0,,2,1,7,7.0,0,50.0,3.5,1,50.0,18,26.9,0,0.0,3,10.7,WR,RenfHu00"
"243,Ian Thomas,18,0,0,1,Sun,6,6,2025-10-12,29-128,LVR,,TEN,W 20-10,0,0,0,,0,0,0,0,,,,0,0,,,,,,,0,0,,0,0,,1,1,4,4.0,0,100.0,4.0,0,0.0,18,29.5,0,0.0,3,13.0,TE,ThomIa00"
"244,Devaughn Vele,18,0,0,0,Sun,6,6,2025-10-12,27-304,NOR,,NWE,L 19-25,0,0,0,,0,0,0,0,,,,0,0,,,,,,,0,0,,0,0,,0,0,0,,0,,,0,,18,32.1,0,0.0,5,20.8,WR,VeleDe00"
"245,Terrance Ferguson,17,0,1,0,Sun,6,6,2025-10-12,22-219,LAR,@,BAL,W 17-3,0,0,0,,0,0,0,0,,,,0,0,,,,,,,1,0,0.0,0,0,0.0,0,0,0,,0,,,0,,17,32.1,0,0.0,5,33.3,TE,FergTe00"
"246,Marvin Harrison Jr.,17,0,0,2,Sun,6,6,2025-10-12,23-062,ARI,@,IND,L 27-31,0,0,0,,0,0,0,0,,,,0,0,,,,,,,0,0,,0,0,,2,2,32,16.0,0,100.0,16.0,1,100.0,17,23.3,0,0.0,0,0.0,WR,HarrMa09"
"247,RJ Harvey,17,0,2,4,Sun,6,6,2025-10-12,24-250,DEN,@,NYJ,W 13-11,0,0,0,,0,0,0,0,,,,0,0,,,,,,,2,4,2.0,0,0,0.0,4,4,21,5.3,0,100.0,5.3,0,0.0,17,28.3,0,0.0,4,13.8,RB,HarvRJ00"
"248,David Montgomery,17,0,4,2,Sun,6,6,2025-10-12,28-127,DET,@,KAN,L 17-30,0,0,0,,0,0,0,0,,,,0,0,,,,,,,4,24,6.0,0,1,50.0,2,2,37,18.5,0,100.0,18.5,2,100.0,17,31.5,0,0.0,0,0.0,RB,MontDa01"
"249,Ben Sinnott,17,0,0,0,Mon,6,6,2025-10-13,23-121,WAS,,CHI,L 24-25,0,0,0,,0,0,0,0,,,,0,0,,,,,,,0,0,,0,0,,0,0,0,,0,,,0,,17,26.2,0,0.0,9,36.0,TE,SinnBe00"
"250,Tyquan Thornton,17,0,0,0,Sun,6,6,2025-10-12,25-035,KAN,,DET,W 30-17,0,0,0,,0,0,0,0,,,,0,0,,,,,,,0,0,,0,0,,0,0,0,,0,,,0,,17,26.6,0,0.0,0,0.0,WR,ThorTy00"
"251,Demario Douglas,16,0,0,4,Sun,6,6,2025-10-12,24-308,NWE,@,NOR,W 25-19,0,0,0,,0,0,0,0,,,,0,0,,,,,,,0,0,,0,0,,4,3,71,23.7,1,75.0,17.8,2,75.0,16,25.0,0,0.0,0,0.0,WR,DougDe00"
"252,Tanner Hudson,16,0,0,5,Sun,6,6,2025-10-12,30-334,CIN,@,GNB,L 18-27,0,0,0,,0,0,0,0,,,,0,0,,,,,,,0,0,,0,0,,5,4,10,2.5,1,80.0,2.0,1,20.0,16,24.6,0,0.0,20,80.0,TE,HudsTa00"
"253,Andrew Ogletree,16,0,0,0,Sun,6,6,2025-10-12,27-076,IND,,ARI,W 31-27,0,0,0,,0,0,0,0,,,,0,0,,,,,,,0,0,,0,0,,0,0,0,,0,,,0,,16,27.1,0,0.0,20,74.1,TE,OgleAn00"
"254,Luther Burden,15,0,0,4,Mon,5,6,2025-10-13,21-305,CHI,@,WAS,W 25-24,0,0,0,,0,0,0,0,,,,0,0,,,,,,,0,0,,0,0,,4,4,51,12.8,0,100.0,12.8,1,75.0,15,23.4,0,0.0,5,20.0,WR,BurdLu00"
"255,Isaiah Davis,15,0,2,1,Sun,6,6,2025-10-12,23-233,NYJ,,DEN,L 11-13,0,0,0,,0,0,0,0,,,,0,0,,,,,,,2,2,1.0,0,0,0.0,1,1,-1,-1.0,0,100.0,-1.0,0,0.0,15,26.3,0,0.0,13,44.8,RB,DaviIs00"
"256,Hunter Luepke,15,0,0,2,Sun,6,6,2025-10-12,25-226,DAL,@,CAR,L 27-30,0,0,0,,0,0,0,0,,,,0,0,,,,,,,0,0,,0,0,,2,2,7,3.5,1,100.0,3.5,1,50.0,15,27.3,0,0.0,15,53.6,RB,LuepHu00"
"257,Chris Manhertz,15,0,0,0,Thu,6,6,2025-10-09,33-182,NYG,,PHI,W 34-17,0,0,0,,0,0,0,0,,,,0,0,,,,,,,0,0,,0,0,,0,0,0,,0,,,0,,15,21.7,0,0.0,13,50.0,TE,ManhCh00"
"258,Dylan Sampson,15,0,3,2,Sun,6,6,2025-10-12,21-028,CLE,@,PIT,L 9-23,0,0,0,,0,0,0,0,,,,0,0,,,,,,,3,12,4.0,0,0,33.3,2,2,12,6.0,0,100.0,6.0,1,50.0,15,18.3,0,0.0,6,24.0,RB,SampDy00"
"259,Roman Wilson,15,0,0,1,Sun,5,6,2025-10-12,24-115,PIT,,CLE,W 23-9,0,0,0,,0,0,0,0,,,,0,0,,,,,,,0,0,,0,0,,1,1,12,12.0,0,100.0,12.0,1,100.0,15,25.4,0,0.0,0,0.0,WR,WilsRo02"
"260,Ollie Gordon,14,0,2,1,Sun,6,6,2025-10-12,21-270,MIA,,LAC,L 27-29,0,0,0,,0,0,0,0,,,,0,0,,,,,,,2,1,0.5,0,1,50.0,1,1,1,1.0,0,100.0,1.0,0,0.0,14,23.7,0,0.0,0,0.0,RB,GordOl00"
"261,Jimmy Horn,14,0,1,2,Sun,6,6,2025-10-12,23-030,CAR,,DAL,W 30-27,0,0,0,,0,0,0,0,,,,0,0,,,,,,,1,11,11.0,0,1,100.0,2,2,36,18.0,0,100.0,18.0,1,100.0,14,20.9,0,0.0,0,0.0,WR,HornJi00"
"262,Elijah Moore,14,0,0,2,Mon,6,6,2025-10-13,25-200,BUF,@,ATL,L 14-24,0,0,0,,0,0,0,0,,,,0,0,,,,,,,0,0,,0,0,,2,0,0,,0,0.0,0.0,0,0.0,14,24.6,0,0.0,0,0.0,WR,MoorEl00"
"263,Tim Patrick,14,0,0,1,Sun,6,6,2025-10-12,31-323,JAX,,SEA,L 12-20,0,0,0,,0,0,0,0,,,,0,0,,,,,,,0,0,,0,0,,1,1,26,26.0,1,100.0,26.0,1,100.0,14,18.4,0,0.0,5,16.7,WR,PatrTi00"
"264,Trent Sherfield,14,0,0,0,Sun,6,6,2025-10-12,29-229,DEN,@,NYJ,W 13-11,0,0,0,,0,0,0,0,,,,0,0,,,,,,,0,0,,0,0,,0,0,0,,0,,,0,,14,23.3,0,0.0,15,51.7,WR,SherTr00"
"265,Kyle Williams,14,0,0,2,Sun,6,6,2025-10-12,22-333,NWE,@,NOR,W 25-19,0,0,0,,0,0,0,0,,,,0,0,,,,,,,0,0,,0,0,,2,0,0,,0,0.0,0.0,0,0.0,14,21.9,0,0.0,0,0.0,WR,WillKy03"
"266,Kylen Granson,13,0,0,0,Thu,6,6,2025-10-09,27-196,PHI,@,NYG,L 17-34,0,0,0,,0,0,0,0,,,,0,0,,,,,,,0,0,,0,0,,0,0,0,,0,,,0,,13,22.8,0,0.0,19,73.1,TE,GranKy00"
"267,Gage Larvadain,13,0,0,4,Sun,6,6,2025-10-12,23-282,CLE,@,PIT,L 9-23,0,0,0,,0,0,0,0,,,,0,0,,,,,,,0,0,,0,0,,4,2,22,11.0,0,50.0,5.5,0,0.0,13,15.9,0,0.0,2,8.0,WR,LarvGa00"
"268,Ryan Miller,13,0,0,0,Sun,6,6,2025-10-12,25-234,TAM,,SFO,W 30-19,0,0,0,,0,0,0,0,,,,0,0,,,,,,,0,0,,0,0,,0,0,0,,0,,,0,,13,24.5,0,0.0,16,57.1,WR,MillRy01"
"269,Raheem Mostert,13,0,5,0,Sun,6,6,2025-10-12,33-186,LVR,,TEN,W 20-10,0,0,0,,0,0,0,0,,,,0,0,,,,,,,5,-4,-0.8,0,0,0.0,0,0,0,,0,,,0,,13,21.3,0,0.0,2,8.7,RB,MostRa00"
"270,Demarcus Robinson,13,0,0,3,Sun,6,6,2025-10-12,31-021,SFO,@,TAM,L 19-30,0,0,0,,0,0,0,0,,,,0,0,,,,,,,0,0,,0,0,,3,2,44,22.0,0,66.7,14.7,2,66.7,13,18.8,0,0.0,0,0.0,WR,RobiDe01"
"271,Xavier Smith,13,0,0,0,Sun,6,6,2025-10-12,28-021,LAR,@,BAL,W 17-3,0,0,0,,0,0,0,0,,,,0,0,,,,,,,0,0,,0,0,,0,0,0,,0,,,0,,13,24.5,0,0.0,7,46.7,WR,SmitXa00"
"272,Jake Bobo,12,0,0,0,Sun,6,6,2025-10-12,27-069,SEA,@,JAX,W 20-12,0,0,0,,0,0,0,0,,,,0,0,,,,,,,0,0,,0,0,,0,0,0,,0,,,0,,12,21.8,0,0.0,17,56.7,WR,BoboJa00"
"273,Blake Corum,12,0,5,0,Sun,6,6,2025-10-12,24-321,LAR,@,BAL,W 17-3,0,0,0,,0,0,0,0,,,,0,0,,,,,,,5,23,4.6,0,1,40.0,0,0,0,,0,,,0,,12,22.6,0,0.0,0,0.0,RB,CoruBl00"
"274,D'Wayne Eskridge,12,0,0,1,Sun,6,6,2025-10-12,28-203,MIA,,LAC,L 27-29,0,0,0,,0,0,0,0,,,,0,0,,,,,,,0,0,,0,0,,1,0,0,,0,0.0,0.0,0,0.0,12,20.3,0,0.0,10,32.3,WR,EskrDW00"
"275,John FitzPatrick,12,0,0,0,Sun,5,6,2025-10-12,25-217,GNB,,CIN,W 27-18,0,0,0,,0,0,0,0,,,,0,0,,,,,,,0,0,,0,0,,0,0,0,,0,,,0,,12,19.7,0,0.0,0,0.0,TE,FitzJo00"
"276,Taysom Hill,12,0,1,0,Sun,6,6,2025-10-12,35-050,NOR,,NWE,L 19-25,0,0,0,,0,0,0,0,,,,0,0,,,,,,,1,1,1.0,1,1,100.0,0,0,0,,0,,,0,,12,21.4,0,0.0,2,8.3,TE,HillTa00"
"277,Jack Stoll,12,0,0,0,Sun,6,6,2025-10-12,27-257,NOR,,NWE,L 19-25,0,0,0,,0,0,0,0,,,,0,0,,,,,,,0,0,,0,0,,0,0,0,,0,,,0,,12,21.4,0,0.0,7,29.2,TE,StolJa00"
"278,Robert Tonyan,12,0,0,0,Sun,6,6,2025-10-12,31-165,KAN,,DET,W 30-17,0,0,0,,0,0,0,0,,,,0,0,,,,,,,0,0,,0,0,,0,0,0,,0,,,0,,12,18.8,0,0.0,10,45.5,TE,TonyRo00"
"279,Sean Tucker,12,0,6,0,Sun,6,6,2025-10-12,23-352,TAM,,SFO,W 30-19,0,0,0,,0,0,0,0,,,,0,0,,,,,,,6,25,4.2,1,2,66.7,0,0,0,,0,,,0,,12,22.6,0,0.0,9,32.1,RB,TuckSe00"
"280,Kaleb Johnson,11,0,6,0,Sun,5,6,2025-10-12,22-059,PIT,,CLE,W 23-9,0,0,0,,0,0,0,0,,,,0,0,,,,,,,6,15,2.5,0,1,33.3,0,0,0,,0,,,0,,11,18.6,0,0.0,0,0.0,RB,JohnKa03"
"281,Tyler Johnson,11,0,0,1,Sun,6,6,2025-10-12,27-048,NYJ,,DEN,L 11-13,0,0,0,,0,0,0,0,,,,0,0,,,,,,,0,0,,0,0,,1,0,0,,0,0.0,0.0,0,0.0,11,19.3,0,0.0,0,0.0,WR,JohnTy00"
"282,Adam Prentice,11,0,1,0,Sun,6,6,2025-10-12,28-269,DEN,@,NYJ,W 13-11,0,0,0,,0,0,0,0,,,,0,0,,,,,,,1,3,3.0,0,0,0.0,0,0,0,,0,,,0,,11,18.3,0,0.0,19,65.5,FB,PrenAd00"
"283,Bhayshul Tuten,11,0,2,3,Sun,6,6,2025-10-12,23-240,JAX,,SEA,L 12-20,0,0,0,,0,0,0,0,,,,0,0,,,,,,,2,14,7.0,0,0,100.0,3,2,14,7.0,0,66.7,4.7,0,66.7,11,14.5,0,0.0,5,16.7,RB,TuteBh00"
"284,Emanuel Wilson,11,0,3,1,Sun,5,6,2025-10-12,26-157,GNB,,CIN,W 27-18,0,0,0,,0,0,0,0,,,,0,0,,,,,,,3,11,3.7,0,0,33.3,1,1,-4,-4.0,0,100.0,-4.0,0,0.0,11,18.0,0,0.0,0,0.0,RB,WilsEm00"
"285,James Mitchell,10,0,0,0,Sun,6,6,2025-10-12,26-062,CAR,,DAL,W 30-27,0,0,0,,0,0,0,0,,,,0,0,,,,,,,0,0,,0,0,,0,0,0,,0,,,0,,10,14.9,0,0.0,8,28.6,TE,MitcJa00"
"286,Ben Skowronek,10,0,0,0,Sun,5,6,2025-10-12,28-107,PIT,,CLE,W 23-9,0,0,0,,0,0,0,0,,,,0,0,,,,,,,0,0,,0,0,,0,0,0,,0,,,0,,10,16.9,0,0.0,19,76.0,WR,SkowBe00"
"287,Brevyn Spann-Ford,10,0,0,1,Sun,6,6,2025-10-12,25-289,DAL,@,CAR,L 27-30,0,0,0,,0,0,0,0,,,,0,0,,,,,,,0,0,,0,0,,1,1,2,2.0,0,100.0,2.0,0,0.0,10,18.2,0,0.0,15,53.6,TE,SpanBr00"
"288,Mitchell Tinsley,10,0,0,0,Sun,6,6,2025-10-12,26-027,CIN,@,GNB,L 18-27,0,0,0,,0,0,0,0,,,,0,0,,,,,,,0,0,,0,0,,0,0,0,,0,,,0,,10,15.4,0,0.0,8,32.0,WR,TinsMi00"
"289,Jack Westover,10,0,0,0,Sun,6,6,2025-10-12,26-125,NWE,@,NOR,W 25-19,0,0,0,,0,0,0,0,,,,0,0,,,,,,,0,0,,0,0,,0,0,0,,0,,,0,,10,15.6,0,0.0,13,54.2,FB,WestJa01"
"290,Ross Dwelley,9,0,0,0,Sun,6,6,2025-10-12,30-259,DET,@,KAN,L 17-30,0,0,0,,0,0,0,0,,,,0,0,,,,,,,0,0,,0,0,,0,0,0,,0,,,0,,9,16.7,0,0.0,9,40.9,TE,DwelRo00"
"291,Simi Fehoko,9,0,0,0,Sun,6,6,2025-10-12,27-341,ARI,@,IND,L 27-31,0,0,0,,0,0,0,0,,,,0,0,,,,,,,0,0,,0,0,,0,0,0,,0,,,0,,9,12.3,0,0.0,17,63.0,WR,FehoSi00"
"292,David Martin-Robinson,9,0,0,1,Sun,6,6,2025-10-12,25-290,TEN,@,LVR,L 10-20,0,0,0,,0,0,0,0,,,,0,0,,,,,,,0,0,,0,0,,1,1,1,1.0,1,100.0,1.0,1,100.0,9,14.8,0,0.0,18,78.3,TE,MartDa01"
"293,Zaire Mitchell-Paden,9,0,0,0,Sun,6,6,2025-10-12,26-053,BAL,,LAR,L 3-17,0,0,0,,0,0,0,0,,,,0,0,,,,,,,0,0,,0,0,,0,0,0,,0,,,0,,9,11.5,0,0.0,7,46.7,TE,MitcZa00"
"294,Konata Mumpfield,9,0,0,2,Sun,6,6,2025-10-12,22-353,LAR,@,BAL,W 17-3,0,0,0,,0,0,0,0,,,,0,0,,,,,,,0,0,,0,0,,2,1,7,7.0,0,50.0,3.5,1,50.0,9,17.0,0,0.0,3,20.0,WR,MumpKo00"
"295,Brady Russell,9,0,0,0,Sun,6,6,2025-10-12,27-042,SEA,@,JAX,W 20-12,0,0,0,,0,0,0,0,,,,0,0,,,,,,,0,0,,0,0,,0,0,0,,0,,,0,,9,16.4,0,0.0,28,93.3,FB,RussBr00"
"296,AJ Dillon,8,0,1,2,Thu,6,6,2025-10-09,27-160,PHI,@,NYG,L 17-34,0,0,0,,0,0,0,0,,,,0,0,,,,,,,1,2,2.0,0,0,0.0,2,2,18,9.0,0,100.0,9.0,0,100.0,8,14.0,0,0.0,2,7.7,RB,DillAJ00"
"297,Trevor Etienne,8,0,3,0,Sun,6,6,2025-10-12,21-095,CAR,,DAL,W 30-27,0,0,0,,0,0,0,0,,,,0,0,,,,,,,3,17,5.7,0,3,100.0,0,0,0,,0,,,0,,8,11.9,0,0.0,6,21.4,RB,EtieTr01"
"298,Durham Smythe,8,0,0,0,Mon,5,6,2025-10-13,30-065,CHI,@,WAS,W 25-24,0,0,0,,0,0,0,0,,,,0,0,,,,,,,0,0,,0,0,,0,0,0,,0,,,0,,8,12.5,0,0.0,8,32.0,TE,SmytDu00"
"299,Ja'Corey Brooks,7,0,0,0,Mon,6,6,2025-10-13,23-347,WAS,,CHI,L 24-25,0,0,0,,0,0,0,0,,,,0,0,,,,,,,0,0,,0,0,,0,0,0,,0,,,0,,7,10.8,0,0.0,0,0.0,WR,BrooJa04"
"300,Cameron Latu,7,0,0,0,Thu,6,6,2025-10-09,25-227,PHI,@,NYG,L 17-34,0,0,0,,0,0,0,0,,,,0,0,,,,,,,0,0,,0,0,,0,0,0,,0,,,0,,7,12.3,0,0.0,17,65.4,TE,LatuCa01"
"301,Tay Martin,7,0,0,0,Mon,6,6,2025-10-13,27-303,WAS,,CHI,L 24-25,0,0,0,,0,0,0,0,,,,0,0,,,,,,,0,0,,0,0,,0,0,0,,0,,,0,,7,10.8,0,0.0,13,52.0,WR,MartTa00"
"302,Tylan Wallace,7,0,0,0,Sun,6,6,2025-10-12,26-152,BAL,,LAR,L 3-17,0,0,0,,0,0,0,0,,,,0,0,,,,,,,0,0,,0,0,,0,0,0,,0,,,0,,7,9.0,0,0.0,8,53.3,WR,WallTy00"
"303,Savion Williams,7,0,1,0,Sun,5,6,2025-10-12,23-324,GNB,,CIN,W 27-18,0,0,0,,0,0,0,0,,,,0,0,,,,,,,1,3,3.0,0,0,0.0,0,0,0,,0,,,0,,7,11.5,0,0.0,4,16.0,WR,WillSa01"
"304,Connor Heyward,6,0,0,1,Sun,5,6,2025-10-12,26-263,PIT,,CLE,W 23-9,0,0,0,,0,0,0,0,,,,0,0,,,,,,,0,0,,0,0,,1,1,12,12.0,1,100.0,12.0,1,100.0,6,10.2,0,0.0,16,64.0,TE,HeywCo00"
"305,Jaleel McLaughlin,6,0,1,1,Sun,6,6,2025-10-12,25-029,DEN,@,NYJ,W 13-11,0,0,0,,0,0,0,0,,,,0,0,,,,,,,1,0,0.0,0,0,0.0,1,0,0,,0,0.0,0.0,0,0.0,6,10.0,0,0.0,0,0.0,RB,McLaJa00"
"306,Josh Palmer,6,0,0,2,Mon,6,6,2025-10-13,26-021,BUF,@,ATL,L 14-24,0,0,0,,0,0,0,0,,,,0,0,,,,,,,0,0,,0,0,,2,2,60,30.0,0,100.0,30.0,2,100.0,6,10.5,0,0.0,0,0.0,WR,PalmJo00"
"307,Calvin Ridley,6,0,0,1,Sun,6,6,2025-10-12,30-296,TEN,@,LVR,L 10-20,0,0,0,,0,0,0,0,,,,0,0,,,,,,,0,0,,0,0,,1,1,18,18.0,0,100.0,18.0,1,100.0,6,9.8,0,0.0,0,0.0,WR,RidlCa00"
"308,Brashard Smith,6,0,0,4,Sun,6,6,2025-10-12,22-184,KAN,,DET,W 30-17,0,0,0,,0,0,0,0,,,,0,0,,,,,,,0,0,,0,0,,4,3,21,7.0,0,75.0,5.3,0,75.0,6,9.4,0,0.0,4,18.2,RB,SmitBr09"
"309,Jaydon Blue,5,0,3,0,Sun,6,6,2025-10-12,21-277,DAL,@,CAR,L 27-30,0,0,0,,0,0,0,0,,,,0,0,,,,,,,3,0,0.0,0,0,0.0,0,0,0,,0,,,0,,5,9.1,0,0.0,6,21.4,RB,BlueJa01"
"310,Chris Brooks,5,0,1,0,Sun,5,6,2025-10-12,25-274,GNB,,CIN,W 27-18,0,0,0,,0,0,0,0,,,,0,0,,,,,,,1,1,1.0,0,0,0.0,0,0,0,,0,,,0,,5,8.2,0,0.0,14,56.0,RB,BrooCh00"
"311,Brian Robinson Jr.,5,0,0,3,Sun,6,6,2025-10-12,26-204,SFO,@,TAM,L 19-30,0,0,0,,0,0,0,0,,,,0,0,,,,,,,0,0,,0,0,,3,3,8,2.7,0,100.0,2.7,0,0.0,5,7.2,0,0.0,6,21.4,RB,RobiBr01"
"312,Beaux Collins,4,0,0,0,Thu,6,6,2025-10-09,22-297,NYG,,PHI,W 34-17,0,0,0,,0,0,0,0,,,,0,0,,,,,,,0,0,,0,0,,0,0,0,,0,,,0,,4,5.8,0,0.0,10,38.5,WR,CollBe00"
"313,DeeJay Dallas,4,0,1,0,Sun,6,6,2025-10-12,27-026,CAR,,DAL,W 30-27,0,0,0,,0,0,0,0,,,,0,0,,,,,,,1,0,0.0,0,0,0.0,0,0,0,,0,,,0,,4,6.0,0,0.0,14,50.0,RB,DallDe00"
"314,Devin Singletary,4,0,3,0,Thu,6,6,2025-10-09,28-036,NYG,,PHI,W 34-17,0,0,0,,0,0,0,0,,,,0,0,,,,,,,3,10,3.3,0,0,33.3,0,0,0,,0,,,0,,4,5.8,0,0.0,0,0.0,RB,SingDe00"
"315,Ameer Abdullah,3,0,1,1,Sun,6,6,2025-10-12,32-121,IND,,ARI,W 31-27,0,0,0,,0,0,0,0,,,,0,0,,,,,,,1,7,7.0,0,1,100.0,1,1,9,9.0,0,100.0,9.0,0,100.0,3,5.1,0,0.0,10,37.0,RB,AbduAm00"
"316,Rasheen Ali,3,0,0,0,Sun,6,6,2025-10-12,24-238,BAL,,LAR,L 3-17,0,0,0,,0,0,0,0,,,,0,0,,,,,,,0,0,,0,0,,0,0,0,,0,,,0,,3,3.8,0,0.0,10,66.7,RB,AlixRa00"
"317,Alex Bachman,3,0,0,0,Sun,6,6,2025-10-12,29-136,LVR,,TEN,W 20-10,0,0,0,,0,0,0,0,,,,0,0,,,,,,,0,0,,0,0,,0,0,0,,0,,,0,,3,4.9,0,0.0,11,47.8,WR,BachAl00"
"318,Andrew Beck,3,0,0,1,Sun,6,6,2025-10-12,29-150,NYJ,,DEN,L 11-13,0,0,0,,0,0,0,0,,,,0,0,,,,,,,0,0,,0,0,,1,1,6,6.0,0,100.0,6.0,0,100.0,3,5.3,0,0.0,22,75.9,FB,BeckAn01"
"319,Tyler Conklin,3,0,0,0,Sun,6,6,2025-10-12,30-074,LAC,@,MIA,W 29-27,0,0,0,,0,0,0,0,,,,0,0,,,,,,,0,0,,0,0,,0,0,0,,0,,,0,,3,4.7,0,0.0,13,41.9,TE,ConkTy00"
"320,Tanner Conner,3,0,0,1,Sun,6,6,2025-10-12,27-206,MIA,,LAC,L 27-29,0,0,0,,0,0,0,0,,,,0,0,,,,,,,0,0,,0,0,,1,1,8,8.0,0,100.0,8.0,0,100.0,3,5.1,1,1.6,17,54.8,TE,ConnTa00"
"321,Devin Culp,3,0,0,0,Sun,6,6,2025-10-12,25-252,TAM,,SFO,W 30-19,0,0,0,,0,0,0,0,,,,0,0,,,,,,,0,0,,0,0,,0,0,0,,0,,,0,,3,5.7,0,0.0,7,25.0,TE,CulpDe00"
"322,Emari Demercado,3,0,1,1,Sun,6,6,2025-10-12,26-265,ARI,@,IND,L 27-31,0,0,0,,0,0,0,0,,,,0,0,,,,,,,1,1,1.0,0,0,0.0,1,0,0,,0,0.0,0.0,0,0.0,3,4.1,0,0.0,2,7.4,RB,DemeEm00"
"323,Feleipe Franks,3,0,1,0,Mon,5,6,2025-10-13,27-295,ATL,,BUF,W 24-14,0,0,0,,0,0,0,0,,,,0,0,,,,,,,1,2,2.0,0,1,100.0,0,0,0,,0,,,0,,3,4.3,0,0.0,18,72.0,TE,FranFe00"
"324,KhaDarel Hodge,3,0,0,0,Mon,5,6,2025-10-13,30-283,ATL,,BUF,W 24-14,0,0,0,,0,0,0,0,,,,0,0,,,,,,,0,0,,0,0,,0,0,0,,0,,,0,,3,4.3,0,0.0,15,60.0,WR,HodgKh00"
"325,Roschon Johnson,3,0,1,0,Mon,5,6,2025-10-13,24-255,CHI,@,WAS,W 25-24,0,0,0,,0,0,0,0,,,,0,0,,,,,,,1,6,6.0,0,0,100.0,0,0,0,,0,,,0,,3,4.7,0,0.0,13,52.0,RB,JohnRo07"
"326,John Metchie,3,0,0,0,Thu,6,6,2025-10-09,25-083,PHI,@,NYG,L 17-34,0,0,0,,0,0,0,0,,,,0,0,,,,,,,0,0,,0,0,,0,0,0,,0,,,0,,3,5.3,0,0.0,0,0.0,WR,MetcJo00"
"327,Skyy Moore,3,0,0,0,Sun,6,6,2025-10-12,25-032,SFO,@,TAM,L 19-30,0,0,0,,0,0,0,0,,,,0,0,,,,,,,0,0,,0,0,,0,0,0,,0,,,0,,3,4.3,0,0.0,9,32.1,WR,MoorSk01"
"328,Quintin Morris,3,0,0,0,Sun,6,6,2025-10-12,26-264,JAX,,SEA,L 12-20,0,0,0,,0,0,0,0,,,,0,0,,,,,,,0,0,,0,0,,0,0,0,,0,,,0,,3,3.9,0,0.0,25,83.3,TE,MorrQu00"
"329,Teagan Quitoriano,3,0,0,0,Mon,5,6,2025-10-13,25-212,ATL,,BUF,W 24-14,0,0,0,,0,0,0,0,,,,0,0,,,,,,,0,0,,0,0,,0,0,0,,0,,,0,,3,4.3,0,0.0,17,68.0,TE,QuitTe00"
"330,Mason Rudolph,3,0,3,0,Sun,5,6,2025-10-12,30-087,PIT,,CLE,W 23-9,0,0,0,,0,0,0,0,,,,0,0,,,,,,,3,0,0.0,0,0,0.0,0,0,0,,0,,,0,,3,5.1,0,0.0,0,0.0,QB,RudoMa00"
"331,Will Shipley,3,0,0,0,Thu,6,6,2025-10-09,23-041,PHI,@,NYG,L 17-34,0,0,0,,0,0,0,0,,,,0,0,,,,,,,0,0,,0,0,,0,0,0,,0,,,0,,3,5.3,0,0.0,17,65.4,RB,ShipWi00"
"332,Colson Yankoff,3,0,0,0,Mon,6,6,2025-10-13,25-226,WAS,,CHI,L 24-25,0,0,0,,0,0,0,0,,,,0,0,,,,,,,0,0,,0,0,,0,0,0,,0,,,0,,3,4.6,0,0.0,14,56.0,TE,YankCo00"
"333,Dareke Young,3,0,0,0,Sun,6,6,2025-10-12,26-130,SEA,@,JAX,W 20-12,0,0,0,,0,0,0,0,,,,0,0,,,,,,,0,0,,0,0,,0,0,0,,0,,,0,,3,5.5,0,0.0,23,76.7,WR,YounDa02"
"334,Parris Campbell,2,0,0,0,Sun,6,6,2025-10-12,28-088,DAL,@,CAR,L 27-30,0,0,0,,0,0,0,0,,,,0,0,,,,,,,0,0,,0,0,,0,0,0,,0,,,0,,2,3.6,0,0.0,6,21.4,WR,CampPa00"
"335,Efton Chism,2,0,0,0,Sun,6,6,2025-10-12,23-351,NWE,@,NOR,W 25-19,0,0,0,,0,0,0,0,,,,0,0,,,,,,,0,0,,0,0,,0,0,0,,0,,,0,,2,3.1,0,0.0,12,50.0,WR,ChisEf00"
"336,Malachi Corley,2,0,0,0,Sun,6,6,2025-10-12,23-205,CLE,@,PIT,L 9-23,0,0,0,,0,0,0,0,,,,0,0,,,,,,,0,0,,0,0,,0,0,0,,0,,,0,,2,2.4,0,0.0,0,0.0,WR,CorlMa00"
"337,Ray Davis,2,0,0,2,Mon,6,6,2025-10-13,25-336,BUF,@,ATL,L 14-24,0,0,0,,0,0,0,0,,,,0,0,,,,,,,0,0,,0,0,,2,2,19,9.5,1,100.0,9.5,2,100.0,2,3.5,0,0.0,7,28.0,RB,DaviRa04"
"338,Mike Gesicki,2,0,0,0,Sun,6,6,2025-10-12,30-009,CIN,@,GNB,L 18-27,0,0,0,,0,0,0,0,,,,0,0,,,,,,,0,0,,0,0,,0,0,0,,0,,,0,,2,3.1,0,0.0,0,0.0,TE,GesiMi00"
"339,DJ Giddens,2,0,0,0,Sun,6,6,2025-10-12,22-047,IND,,ARI,W 31-27,0,0,0,,0,0,0,0,,,,0,0,,,,,,,0,0,,0,0,,0,0,0,,0,,,0,,2,3.4,0,0.0,0,0.0,RB,GiddDJ00"
"340,Anthony Gould,2,0,0,0,Sun,6,6,2025-10-12,24-189,IND,,ARI,W 31-27,0,0,0,,0,0,0,0,,,,0,0,,,,,,,0,0,,0,0,,0,0,0,,0,,,0,,2,3.4,0,0.0,8,29.6,WR,GoulAn00"
"341,Keaton Mitchell,2,0,0,0,Sun,6,6,2025-10-12,23-268,BAL,,LAR,L 3-17,0,0,0,,0,0,0,0,,,,0,0,,,,,,,0,0,,0,0,,0,0,0,,0,,,0,,2,2.6,0,0.0,6,40.0,RB,MitcKe01"
"342,Kalif Raymond,2,0,0,0,Sun,6,6,2025-10-12,31-065,DET,@,KAN,L 17-30,0,0,0,,0,0,0,0,,,,0,0,,,,,,,0,0,,0,0,,0,0,0,,0,,,0,,2,3.7,0,0.0,1,4.5,WR,RaymKa00"
"343,Carter Runyon,2,0,0,0,Sun,6,6,2025-10-12,24-081,LVR,,TEN,W 20-10,0,0,0,,0,0,0,0,,,,0,0,,,,,,,0,0,,0,0,,0,0,0,,0,,,0,,2,3.3,0,0.0,15,65.2,TE,RunyCa00"
"344,Justin Shorter,2,0,0,0,Sun,6,6,2025-10-12,25-178,LVR,,TEN,W 20-10,0,0,0,,0,0,0,0,,,,0,0,,,,,,,0,0,,0,0,,0,0,0,,0,,,0,,2,3.3,0,0.0,11,47.8,WR,ShorJu00"
"345,Dont'e Thornton,2,0,0,0,Sun,6,6,2025-10-12,22-316,LVR,,TEN,W 20-10,0,0,0,,0,0,0,0,,,,0,0,,,,,,,0,0,,0,0,,0,0,0,,0,,,0,,2,3.3,0,0.0,0,0.0,WR,ThorDo00"
"346,Mason Tipton,2,0,0,0,Sun,6,6,2025-10-12,25-015,NOR,,NWE,L 19-25,0,0,0,,0,0,0,0,,,,0,0,,,,,,,0,0,,0,0,,0,0,0,,0,,,0,,2,3.6,0,0.0,5,20.8,WR,TiptMa00"
"347,LaJohntay Wester,2,0,0,0,Sun,6,6,2025-10-12,23-197,BAL,,LAR,L 3-17,0,0,0,,0,0,0,0,,,,0,0,,,,,,,0,0,,0,0,,0,0,0,,0,,,0,,2,2.6,0,0.0,3,20.0,WR,WestLa01"
"348,Russell Wilson,2,1,0,0,Thu,6,6,2025-10-09,36-314,NYG,,PHI,W 34-17,0,1,1,0.0,0,0,0,0,0.0,0.0,39.6,0,0,0.00,0.0,0.00,0.00,,0.0,0,0,,0,0,,0,0,0,,0,,,0,,2,2.9,0,0.0,0,0.0,QB,WilsRu00"
"349,Julius Chestnut,1,0,0,0,Sun,6,6,2025-10-12,24-351,TEN,@,LVR,L 10-20,0,0,0,,0,0,0,0,,,,0,0,,,,,,,0,0,,0,0,,0,0,0,,0,,,0,,1,1.6,0,0.0,15,65.2,RB,ChesJu00"
"350,Ashton Dulin,1,0,0,0,Sun,6,6,2025-10-12,28-150,IND,,ARI,W 31-27,0,0,0,,0,0,0,0,,,,0,0,,,,,,,0,0,,0,0,,0,0,0,,0,,,0,,1,1.7,1,1.4,15,55.6,WR,DuliAs00"
"351,Jalen Moreno-Cropper,1,0,0,0,Sun,6,6,2025-10-12,24-162,DAL,@,CAR,L 27-30,0,0,0,,0,0,0,0,,,,0,0,,,,,,,0,0,,0,0,,0,0,0,,0,,,0,,1,1.8,0,0.0,8,28.6,WR,MoreJa01"
"352,Gunner Olszewski,1,0,0,0,Thu,6,6,2025-10-09,28-317,NYG,,PHI,W 34-17,0,0,0,,0,0,0,0,,,,0,0,,,,,,,0,0,,0,0,,0,0,0,,0,,,0,,1,1.4,0,0.0,8,30.8,WR,OlszGu00"
"353,Nikko Remigio,1,0,0,0,Sun,6,6,2025-10-12,25-342,KAN,,DET,W 30-17,0,0,0,,0,0,0,0,,,,0,0,,,,,,,0,0,,0,0,,0,0,0,,0,,,0,,1,1.6,0,0.0,7,31.8,WR,RemiNi00"
"354,Chris Rodriguez,1,0,0,0,Mon,6,6,2025-10-13,25-017,WAS,,CHI,L 24-25,0,0,0,,0,0,0,0,,,,0,0,,,,,,,0,0,,0,0,,0,0,0,,0,,,0,,1,1.5,0,0.0,3,12.0,RB,RodrCh00"
"355,Jalen Royals,1,0,0,0,Sun,6,6,2025-10-12,22-236,KAN,,DET,W 30-17,0,0,0,,0,0,0,0,,,,0,0,,,,,,,0,0,,0,0,,0,0,0,,0,,,0,,1,1.6,0,0.0,8,36.4,WR,RoyaJa00"
"356,Ben Sims,1,0,0,0,Sun,5,6,2025-10-12,25-149,GNB,,CIN,W 27-18,0,0,0,,0,0,0,0,,,,0,0,,,,,,,0,0,,0,0,,0,0,0,,0,,,0,,1,1.6,0,0.0,4,16.0,TE,SimsBe00"
"357,Brayden Willis,1,0,0,0,Sun,6,6,2025-10-12,25-335,SFO,@,TAM,L 19-30,0,0,0,,0,0,0,0,,,,0,0,,,,,,,0,0,,0,0,,0,0,0,,0,,,0,,1,1.4,0,0.0,22,78.6,TE,WillBr06"
"358,Ke'Shawn Williams,1,0,0,0,Sun,5,6,2025-10-12,23-289,PIT,,CLE,W 23-9,0,0,0,,0,0,0,0,,,,0,0,,,,,,,0,0,,0,0,,0,0,0,,0,,,0,,1,1.7,0,0.0,7,28.0,WR,WillKe08"
"359,Owen Wright,1,0,0,0,Sun,6,6,2025-10-12,26-226,TAM,,SFO,W 30-19,0,0,0,,0,0,0,0,,,,0,0,,,,,,,0,0,,0,0,,0,0,0,,0,,,0,,1,1.9,0,0.0,0,0.0,RB,WrigOw00"
"360,Jamal Agnew,0,0,0,0,Mon,5,6,2025-10-13,30-193,ATL,,BUF,W 24-14,0,0,0,,0,0,0,0,,,,0,0,,,,,,,0,0,,0,0,,0,0,0,,0,,,0,,0,0.0,0,0.0,9,36.0,WR,AgneJa00"
"361,Tank Bigsby,0,0,0,0,Thu,6,6,2025-10-09,24-040,PHI,@,NYG,L 17-34,0,0,0,,0,0,0,0,,,,0,0,,,,,,,0,0,,0,0,,0,0,0,,0,,,0,,0,0.0,0,0.0,8,30.8,RB,BigsTa00"
"362,Tahj Brooks,0,0,0,0,Sun,6,6,2025-10-12,23-152,CIN,@,GNB,L 18-27,0,0,0,,0,0,0,0,,,,0,0,,,,,,,0,0,,0,0,,0,0,0,,0,,,0,,0,0.0,0,0.0,8,32.0,RB,BrooTa00"
"363,Jason Brownlee,0,0,0,0,Sun,6,6,2025-10-12,26-255,KAN,,DET,W 30-17,0,0,0,,0,0,0,0,,,,0,0,,,,,,,0,0,,0,0,,0,0,0,,0,,,0,,0,0.0,0,0.0,6,27.3,WR,BrowJa07"
"364,Devin Duvernay,0,0,0,0,Mon,5,6,2025-10-13,28-031,CHI,@,WAS,W 25-24,0,0,0,,0,0,0,0,,,,0,0,,,,,,,0,0,,0,0,,0,0,0,,0,,,0,,0,0.0,0,0.0,12,48.0,WR,DuveDe00"
"365,Thomas Fidone,0,0,0,0,Thu,6,6,2025-10-09,23-019,NYG,,PHI,W 34-17,0,0,0,,0,0,0,0,,,,0,0,,,,,,,0,0,,0,0,,0,0,0,,0,,,0,,0,0.0,0,0.0,7,26.9,TE,FidoTh00"
"366,Isaac Guerendo,0,0,0,0,Sun,6,6,2025-10-12,25-106,SFO,@,TAM,L 19-30,0,0,0,,0,0,0,0,,,,0,0,,,,,,,0,0,,0,0,,0,0,0,,0,,,0,,0,0.0,0,0.0,11,39.3,RB,GuerIs00"
"367,George Holani,0,0,0,0,Sun,6,6,2025-10-12,25-300,SEA,@,JAX,W 20-12,0,0,0,,0,0,0,0,,,,0,0,,,,,,,0,0,,0,0,,0,0,0,,0,,,0,,0,0.0,0,0.0,15,50.0,RB,HolaGe00"
"368,Jarquez Hunter,0,0,0,0,Sun,6,6,2025-10-12,22-287,LAR,@,BAL,W 17-3,0,0,0,,0,0,0,0,,,,0,0,,,,,,,0,0,,0,0,,0,0,0,,0,,,0,,0,0.0,0,0.0,1,6.7,RB,HuntJa03"
"369,Terrell Jennings,0,0,0,0,Sun,6,6,2025-10-12,24-225,NWE,@,NOR,W 25-19,0,0,0,,0,0,0,0,,,,0,0,,,,,,,0,0,,0,0,,0,0,0,,0,,,0,,0,0.0,0,0.0,7,29.2,RB,JennTe00"
"370,Charlie Jones,0,0,0,0,Sun,6,6,2025-10-12,26-348,CIN,@,GNB,L 18-27,0,0,0,,0,0,0,0,,,,0,0,,,,,,,0,0,,0,0,,0,0,0,,0,,,0,,0,0.0,0,0.0,6,24.0,WR,JoneCh11"
"371,Dylan Laube,0,0,0,0,Sun,6,6,2025-10-12,25-302,LVR,,TEN,W 20-10,0,0,0,,0,0,0,0,,,,0,0,,,,,,,0,0,,0,0,,0,0,0,,0,,,0,,0,0.0,0,0.0,8,34.8,RB,LaubDy00"
"372,Dominic Lovett,0,0,0,0,Sun,6,6,2025-10-12,22-338,DET,@,KAN,L 17-30,0,0,0,,0,0,0,0,,,,0,0,,,,,,,0,0,,0,0,,0,0,0,,0,,,0,,0,0.0,0,0.0,5,22.7,WR,LoveDo00"
"373,Devin Neal,0,0,0,0,Sun,6,6,2025-10-12,22-061,NOR,,NWE,L 19-25,0,0,0,,0,0,0,0,,,,0,0,,,,,,,0,0,,0,0,,0,0,0,,0,,,0,,0,0.0,0,0.0,5,20.8,RB,NealDe00"
"374,Kene Nwangwu,0,0,0,0,Sun,6,6,2025-10-12,27-245,NYJ,,DEN,L 11-13,0,0,0,,0,0,0,0,,,,0,0,,,,,,,0,0,,0,0,,0,0,0,,0,,,0,,0,0.0,0,0.0,12,41.4,RB,NwanKe00"
"375,Craig Reynolds,0,0,0,0,Sun,6,6,2025-10-12,29-119,DET,@,KAN,L 17-30,0,0,0,,0,0,0,0,,,,0,0,,,,,,,0,0,,0,0,,0,0,0,,0,,,0,,0,0.0,0,0.0,13,59.1,RB,ReynCr00"
"376,Jacob Saylors,0,0,0,0,Sun,6,6,2025-10-12,24-218,DET,@,KAN,L 17-30,0,0,0,,0,0,0,0,,,,0,0,,,,,,,0,0,,0,0,,0,0,0,,0,,,0,,0,0.0,0,0.0,14,63.6,RB,SaylJa00"
"377,Stone Smartt,0,0,0,0,Sun,6,6,2025-10-12,27-008,NYJ,,DEN,L 11-13,0,0,0,,0,0,0,0,,,,0,0,,,,,,,0,0,,0,0,,0,0,0,,0,,,0,,0,0.0,0,0.0,11,37.9,TE,SmarSt00"
"378,Brandon Smith,0,0,0,0,Sun,6,6,2025-10-12,26-306,NYJ,,DEN,L 11-13,0,0,0,,0,0,0,0,,,,0,0,,,,,,,0,0,,0,0,,0,0,0,,0,,,0,,0,0.0,0,0.0,12,41.4,WR,SmitBr07"
"379,Deven Thompkins,0,0,0,0,Mon,5,6,2025-10-13,25-294,ATL,,BUF,W 24-14,0,0,0,,0,0,0,0,,,,0,0,,,,,,,0,0,,0,0,,0,0,0,,0,,,0,,0,0.0,0,0.0,3,12.0,WR,ThomDe07"
"380,Travis Vokolek,0,0,0,0,Sun,6,6,2025-10-12,27-130,ARI,@,IND,L 27-31,0,0,0,,0,0,0,0,,,,0,0,,,,,,,0,0,,0,0,,0,0,0,,0,,,0,,0,0.0,0,0.0,1,3.7,TE,VokoTr00"
"381,Isaiah Williams,0,0,0,0,Sun,6,6,2025-10-12,24-256,NYJ,,DEN,L 11-13,0,0,0,,0,0,0,0,,,,0,0,,,,,,,0,0,,0,0,,0,0,0,,0,,,0,,0,0.0,0,0.0,12,41.4,WR,WillIs03"
"382,Nyheim Hines,,0,0,0,Sun,6,6,2025-10-12,28-334,LAC,@,MIA,W 29-27,0,0,0,,0,0,0,0,,,,0,0,,,,,,,0,0,,0,0,,0,0,0,,0,,,0,,,,,,,,RB,HineNy00"
